sale_date,id_product,name,previsao_venda_diaria
2024-01-01,3.0,Radar Furuno Pulse Leviathan,10.0
2024-01-01,7.0,Radar AIS Zen,10.0
2024-01-01,10.0,Piloto Automático Simrad Titan Flux Magnum,10.0
2024-01-01,11.0,GPS Furuno Swift Leviathan Poseidon,19.0
2024-01-01,13.0,Radar Simrad Boost,3.0
2024-01-01,14.0,Rádio Furuno Zen Swift,3.0
2024-01-01,19.0,Sonda Lowrance Tidal Storm Vox,2.0
2024-01-01,24.0,GPS AIS Orca Marlin Velocity,8.0
2024-01-01,26.0,Piloto Automático Furuno Core Boost Flux,8.0
2024-01-01,34.0,Transponder AIS Helix Torque,5.0
2024-01-01,35.0,Radar Furuno Swift,13.0
2024-01-01,36.0,Radar Lowrance Aqua Pulse,11.0
2024-01-01,39.0,GPS Furuno Vector,10.0
2024-01-01,41.0,GPS Simrad Flow Pulse,6.0
2024-01-01,42.0,Transponder Lowrance Axis,14.0
2024-01-01,48.0,GPS Furuno Magnum Drift,22.0
2024-01-01,50.0,Piloto Automático Simrad Poseidon Magnum,10.0
2024-01-01,52.0,Motor Diesel Honda Zen Tidal Mako 26HP,1.0
2024-01-01,58.0,Motor de Popa Tohatsu Ion Core Nautic 53HP,15.0
2024-01-01,61.0,Motor Diesel Honda Prime 84HP,9.0
2024-01-01,64.0,Motor Elétrico Yamaha Swift Drift Current 265HP,5.0
2024-01-01,69.0,Motor de Popa Torqeedo Ultra Impulse 292HP,14.0
2024-01-01,72.0,Motor de Popa Volvo Hydro Dash 256HP,9.0
2024-01-01,74.0,Motor de Popa Honda Torque 228HP,8.0
2024-01-01,79.0,Motor Diesel Tohatsu Zenith 60HP,1.0
2024-01-01,81.0,Motor Elétrico Torqeedo Barracuda Magnum Helix 101HP,15.0
2024-01-01,86.0,Motor Diesel Volvo Helix Evo Force 144HP,6.0
2024-01-01,91.0,Motor Elétrico Tohatsu Zenith Oceanic 113HP,3.0
2024-01-01,94.0,Motor de Popa Volvo Magnum 276HP,2.0
2024-01-01,96.0,Motor de Popa Tohatsu Boost Swift 126HP,10.0
2024-01-01,99.0,Motor Elétrico Honda Flux Ultra 273HP,13.0
2024-01-01,101.0,Cabo de Nylon Delta Vortex,14.0
2024-01-01,105.0,Cabo de Nylon Danforth Prime,4.0
2024-01-01,106.0,Âncora Danforth Nitro Titan Vox,12.0
2024-01-01,108.0,Boia de Arqueamento Bruce Titan,8.0
2024-01-01,114.0,Boia de Arqueamento Danforth Tidal Zen Swift,8.0
2024-01-01,115.0,Cabo de Nylon Delta Force Magnum Leviathan,15.0
2024-01-01,116.0,Cabo de Nylon Delta Velocity Oceanic Abyss,1.0
2024-01-01,119.0,Âncora Bruce Aqua,14.0
2024-01-01,121.0,Âncora Danforth Oceanic Helix Flux,7.0
2024-01-01,123.0,Cabo de Nylon Danforth Orca Aero,7.0
2024-01-01,124.0,Corrente Delta Axis,3.0
2024-01-01,127.0,Cabo de Nylon Delta Velocity Core Mako,2.0
2024-01-01,128.0,Boia de Arqueamento Bruce Marlin Hydra,7.0
2024-01-01,133.0,Âncora Bruce Core Pulse,9.0
2024-01-01,141.0,Boia de Arqueamento Bruce Nexus Abyss,15.0
2024-01-01,145.0,Boia de Arqueamento Delta Nexus,2.0
2024-01-01,148.0,Âncora Delta Force Barracuda Mako,12.0
2024-01-01,150.0,Cabo de Nylon Danforth Magnum Vox,28.0
2024-01-02,3.0,Radar Furuno Pulse Leviathan,10.0
2024-01-02,7.0,Radar AIS Zen,10.0
2024-01-02,10.0,Piloto Automático Simrad Titan Flux Magnum,10.0
2024-01-02,11.0,GPS Furuno Swift Leviathan Poseidon,19.0
2024-01-02,13.0,Radar Simrad Boost,3.0
2024-01-02,14.0,Rádio Furuno Zen Swift,3.0
2024-01-02,19.0,Sonda Lowrance Tidal Storm Vox,2.0
2024-01-02,24.0,GPS AIS Orca Marlin Velocity,8.0
2024-01-02,26.0,Piloto Automático Furuno Core Boost Flux,8.0
2024-01-02,34.0,Transponder AIS Helix Torque,5.0
2024-01-02,35.0,Radar Furuno Swift,13.0
2024-01-02,36.0,Radar Lowrance Aqua Pulse,11.0
2024-01-02,39.0,GPS Furuno Vector,10.0
2024-01-02,41.0,GPS Simrad Flow Pulse,6.0
2024-01-02,42.0,Transponder Lowrance Axis,14.0
2024-01-02,48.0,GPS Furuno Magnum Drift,22.0
2024-01-02,50.0,Piloto Automático Simrad Poseidon Magnum,10.0
2024-01-02,52.0,Motor Diesel Honda Zen Tidal Mako 26HP,1.0
2024-01-02,58.0,Motor de Popa Tohatsu Ion Core Nautic 53HP,15.0
2024-01-02,61.0,Motor Diesel Honda Prime 84HP,9.0
2024-01-02,64.0,Motor Elétrico Yamaha Swift Drift Current 265HP,5.0
2024-01-02,69.0,Motor de Popa Torqeedo Ultra Impulse 292HP,14.0
2024-01-02,72.0,Motor de Popa Volvo Hydro Dash 256HP,9.0
2024-01-02,74.0,Motor de Popa Honda Torque 228HP,8.0
2024-01-02,79.0,Motor Diesel Tohatsu Zenith 60HP,1.0
2024-01-02,81.0,Motor Elétrico Torqeedo Barracuda Magnum Helix 101HP,15.0
2024-01-02,86.0,Motor Diesel Volvo Helix Evo Force 144HP,6.0
2024-01-02,91.0,Motor Elétrico Tohatsu Zenith Oceanic 113HP,3.0
2024-01-02,94.0,Motor de Popa Volvo Magnum 276HP,2.0
2024-01-02,96.0,Motor de Popa Tohatsu Boost Swift 126HP,10.0
2024-01-02,99.0,Motor Elétrico Honda Flux Ultra 273HP,13.0
2024-01-02,101.0,Cabo de Nylon Delta Vortex,14.0
2024-01-02,105.0,Cabo de Nylon Danforth Prime,4.0
2024-01-02,106.0,Âncora Danforth Nitro Titan Vox,12.0
2024-01-02,108.0,Boia de Arqueamento Bruce Titan,8.0
2024-01-02,114.0,Boia de Arqueamento Danforth Tidal Zen Swift,8.0
2024-01-02,115.0,Cabo de Nylon Delta Force Magnum Leviathan,15.0
2024-01-02,116.0,Cabo de Nylon Delta Velocity Oceanic Abyss,1.0
2024-01-02,119.0,Âncora Bruce Aqua,14.0
2024-01-02,121.0,Âncora Danforth Oceanic Helix Flux,7.0
2024-01-02,123.0,Cabo de Nylon Danforth Orca Aero,7.0
2024-01-02,124.0,Corrente Delta Axis,3.0
2024-01-02,127.0,Cabo de Nylon Delta Velocity Core Mako,2.0
2024-01-02,128.0,Boia de Arqueamento Bruce Marlin Hydra,7.0
2024-01-02,133.0,Âncora Bruce Core Pulse,9.0
2024-01-02,141.0,Boia de Arqueamento Bruce Nexus Abyss,15.0
2024-01-02,145.0,Boia de Arqueamento Delta Nexus,2.0
2024-01-02,148.0,Âncora Delta Force Barracuda Mako,12.0
2024-01-02,150.0,Cabo de Nylon Danforth Magnum Vox,28.0
2024-01-03,3.0,Radar Furuno Pulse Leviathan,10.0
2024-01-03,7.0,Radar AIS Zen,10.0
2024-01-03,10.0,Piloto Automático Simrad Titan Flux Magnum,10.0
2024-01-03,11.0,GPS Furuno Swift Leviathan Poseidon,19.0
2024-01-03,13.0,Radar Simrad Boost,3.0
2024-01-03,14.0,Rádio Furuno Zen Swift,3.0
2024-01-03,19.0,Sonda Lowrance Tidal Storm Vox,2.0
2024-01-03,24.0,GPS AIS Orca Marlin Velocity,8.0
2024-01-03,26.0,Piloto Automático Furuno Core Boost Flux,8.0
2024-01-03,34.0,Transponder AIS Helix Torque,5.0
2024-01-03,35.0,Radar Furuno Swift,13.0
2024-01-03,36.0,Radar Lowrance Aqua Pulse,11.0
2024-01-03,39.0,GPS Furuno Vector,10.0
2024-01-03,41.0,GPS Simrad Flow Pulse,6.0
2024-01-03,42.0,Transponder Lowrance Axis,14.0
2024-01-03,48.0,GPS Furuno Magnum Drift,22.0
2024-01-03,50.0,Piloto Automático Simrad Poseidon Magnum,10.0
2024-01-03,52.0,Motor Diesel Honda Zen Tidal Mako 26HP,1.0
2024-01-03,58.0,Motor de Popa Tohatsu Ion Core Nautic 53HP,15.0
2024-01-03,61.0,Motor Diesel Honda Prime 84HP,9.0
2024-01-03,64.0,Motor Elétrico Yamaha Swift Drift Current 265HP,5.0
2024-01-03,69.0,Motor de Popa Torqeedo Ultra Impulse 292HP,14.0
2024-01-03,72.0,Motor de Popa Volvo Hydro Dash 256HP,9.0
2024-01-03,74.0,Motor de Popa Honda Torque 228HP,8.0
2024-01-03,79.0,Motor Diesel Tohatsu Zenith 60HP,1.0
2024-01-03,81.0,Motor Elétrico Torqeedo Barracuda Magnum Helix 101HP,15.0
2024-01-03,86.0,Motor Diesel Volvo Helix Evo Force 144HP,6.0
2024-01-03,91.0,Motor Elétrico Tohatsu Zenith Oceanic 113HP,3.0
2024-01-03,94.0,Motor de Popa Volvo Magnum 276HP,2.0
2024-01-03,96.0,Motor de Popa Tohatsu Boost Swift 126HP,10.0
2024-01-03,99.0,Motor Elétrico Honda Flux Ultra 273HP,13.0
2024-01-03,101.0,Cabo de Nylon Delta Vortex,14.0
2024-01-03,105.0,Cabo de Nylon Danforth Prime,4.0
2024-01-03,106.0,Âncora Danforth Nitro Titan Vox,12.0
2024-01-03,108.0,Boia de Arqueamento Bruce Titan,8.0
2024-01-03,114.0,Boia de Arqueamento Danforth Tidal Zen Swift,8.0
2024-01-03,115.0,Cabo de Nylon Delta Force Magnum Leviathan,15.0
2024-01-03,116.0,Cabo de Nylon Delta Velocity Oceanic Abyss,1.0
2024-01-03,119.0,Âncora Bruce Aqua,14.0
2024-01-03,121.0,Âncora Danforth Oceanic Helix Flux,7.0
2024-01-03,123.0,Cabo de Nylon Danforth Orca Aero,7.0
2024-01-03,124.0,Corrente Delta Axis,3.0
2024-01-03,127.0,Cabo de Nylon Delta Velocity Core Mako,2.0
2024-01-03,128.0,Boia de Arqueamento Bruce Marlin Hydra,7.0
2024-01-03,133.0,Âncora Bruce Core Pulse,9.0
2024-01-03,141.0,Boia de Arqueamento Bruce Nexus Abyss,15.0
2024-01-03,145.0,Boia de Arqueamento Delta Nexus,2.0
2024-01-03,148.0,Âncora Delta Force Barracuda Mako,12.0
2024-01-03,150.0,Cabo de Nylon Danforth Magnum Vox,28.0
2024-01-04,3.0,Radar Furuno Pulse Leviathan,10.0
2024-01-04,7.0,Radar AIS Zen,10.0
2024-01-04,10.0,Piloto Automático Simrad Titan Flux Magnum,10.0
2024-01-04,11.0,GPS Furuno Swift Leviathan Poseidon,19.0
2024-01-04,13.0,Radar Simrad Boost,3.0
2024-01-04,14.0,Rádio Furuno Zen Swift,3.0
2024-01-04,19.0,Sonda Lowrance Tidal Storm Vox,2.0
2024-01-04,24.0,GPS AIS Orca Marlin Velocity,8.0
2024-01-04,26.0,Piloto Automático Furuno Core Boost Flux,8.0
2024-01-04,34.0,Transponder AIS Helix Torque,5.0
2024-01-04,35.0,Radar Furuno Swift,13.0
2024-01-04,36.0,Radar Lowrance Aqua Pulse,11.0
2024-01-04,39.0,GPS Furuno Vector,10.0
2024-01-04,41.0,GPS Simrad Flow Pulse,6.0
2024-01-04,42.0,Transponder Lowrance Axis,14.0
2024-01-04,48.0,GPS Furuno Magnum Drift,22.0
2024-01-04,50.0,Piloto Automático Simrad Poseidon Magnum,10.0
2024-01-04,52.0,Motor Diesel Honda Zen Tidal Mako 26HP,1.0
2024-01-04,58.0,Motor de Popa Tohatsu Ion Core Nautic 53HP,15.0
2024-01-04,61.0,Motor Diesel Honda Prime 84HP,9.0
2024-01-04,64.0,Motor Elétrico Yamaha Swift Drift Current 265HP,5.0
2024-01-04,69.0,Motor de Popa Torqeedo Ultra Impulse 292HP,14.0
2024-01-04,72.0,Motor de Popa Volvo Hydro Dash 256HP,9.0
2024-01-04,74.0,Motor de Popa Honda Torque 228HP,8.0
2024-01-04,79.0,Motor Diesel Tohatsu Zenith 60HP,1.0
2024-01-04,81.0,Motor Elétrico Torqeedo Barracuda Magnum Helix 101HP,15.0
2024-01-04,86.0,Motor Diesel Volvo Helix Evo Force 144HP,6.0
2024-01-04,91.0,Motor Elétrico Tohatsu Zenith Oceanic 113HP,3.0
2024-01-04,94.0,Motor de Popa Volvo Magnum 276HP,2.0
2024-01-04,96.0,Motor de Popa Tohatsu Boost Swift 126HP,10.0
2024-01-04,99.0,Motor Elétrico Honda Flux Ultra 273HP,13.0
2024-01-04,101.0,Cabo de Nylon Delta Vortex,14.0
2024-01-04,105.0,Cabo de Nylon Danforth Prime,4.0
2024-01-04,106.0,Âncora Danforth Nitro Titan Vox,12.0
2024-01-04,108.0,Boia de Arqueamento Bruce Titan,8.0
2024-01-04,114.0,Boia de Arqueamento Danforth Tidal Zen Swift,8.0
2024-01-04,115.0,Cabo de Nylon Delta Force Magnum Leviathan,15.0
2024-01-04,116.0,Cabo de Nylon Delta Velocity Oceanic Abyss,1.0
2024-01-04,119.0,Âncora Bruce Aqua,14.0
2024-01-04,121.0,Âncora Danforth Oceanic Helix Flux,7.0
2024-01-04,123.0,Cabo de Nylon Danforth Orca Aero,7.0
2024-01-04,124.0,Corrente Delta Axis,3.0
2024-01-04,127.0,Cabo de Nylon Delta Velocity Core Mako,2.0
2024-01-04,128.0,Boia de Arqueamento Bruce Marlin Hydra,7.0
2024-01-04,133.0,Âncora Bruce Core Pulse,9.0
2024-01-04,141.0,Boia de Arqueamento Bruce Nexus Abyss,15.0
2024-01-04,145.0,Boia de Arqueamento Delta Nexus,2.0
2024-01-04,148.0,Âncora Delta Force Barracuda Mako,12.0
2024-01-04,150.0,Cabo de Nylon Danforth Magnum Vox,28.0
2024-01-05,3.0,Radar Furuno Pulse Leviathan,10.0
2024-01-05,7.0,Radar AIS Zen,10.0
2024-01-05,10.0,Piloto Automático Simrad Titan Flux Magnum,10.0
2024-01-05,11.0,GPS Furuno Swift Leviathan Poseidon,19.0
2024-01-05,13.0,Radar Simrad Boost,3.0
2024-01-05,14.0,Rádio Furuno Zen Swift,3.0
2024-01-05,19.0,Sonda Lowrance Tidal Storm Vox,2.0
2024-01-05,24.0,GPS AIS Orca Marlin Velocity,8.0
2024-01-05,26.0,Piloto Automático Furuno Core Boost Flux,8.0
2024-01-05,34.0,Transponder AIS Helix Torque,5.0
2024-01-05,35.0,Radar Furuno Swift,13.0
2024-01-05,36.0,Radar Lowrance Aqua Pulse,11.0
2024-01-05,39.0,GPS Furuno Vector,10.0
2024-01-05,41.0,GPS Simrad Flow Pulse,6.0
2024-01-05,42.0,Transponder Lowrance Axis,14.0
2024-01-05,48.0,GPS Furuno Magnum Drift,22.0
2024-01-05,50.0,Piloto Automático Simrad Poseidon Magnum,10.0
2024-01-05,52.0,Motor Diesel Honda Zen Tidal Mako 26HP,1.0
2024-01-05,58.0,Motor de Popa Tohatsu Ion Core Nautic 53HP,15.0
2024-01-05,61.0,Motor Diesel Honda Prime 84HP,9.0
2024-01-05,64.0,Motor Elétrico Yamaha Swift Drift Current 265HP,5.0
2024-01-05,69.0,Motor de Popa Torqeedo Ultra Impulse 292HP,14.0
2024-01-05,72.0,Motor de Popa Volvo Hydro Dash 256HP,9.0
2024-01-05,74.0,Motor de Popa Honda Torque 228HP,8.0
2024-01-05,79.0,Motor Diesel Tohatsu Zenith 60HP,1.0
2024-01-05,81.0,Motor Elétrico Torqeedo Barracuda Magnum Helix 101HP,15.0
2024-01-05,86.0,Motor Diesel Volvo Helix Evo Force 144HP,6.0
2024-01-05,91.0,Motor Elétrico Tohatsu Zenith Oceanic 113HP,3.0
2024-01-05,94.0,Motor de Popa Volvo Magnum 276HP,2.0
2024-01-05,96.0,Motor de Popa Tohatsu Boost Swift 126HP,10.0
2024-01-05,99.0,Motor Elétrico Honda Flux Ultra 273HP,13.0
2024-01-05,101.0,Cabo de Nylon Delta Vortex,14.0
2024-01-05,105.0,Cabo de Nylon Danforth Prime,4.0
2024-01-05,106.0,Âncora Danforth Nitro Titan Vox,12.0
2024-01-05,108.0,Boia de Arqueamento Bruce Titan,8.0
2024-01-05,114.0,Boia de Arqueamento Danforth Tidal Zen Swift,8.0
2024-01-05,115.0,Cabo de Nylon Delta Force Magnum Leviathan,15.0
2024-01-05,116.0,Cabo de Nylon Delta Velocity Oceanic Abyss,1.0
2024-01-05,119.0,Âncora Bruce Aqua,14.0
2024-01-05,121.0,Âncora Danforth Oceanic Helix Flux,7.0
2024-01-05,123.0,Cabo de Nylon Danforth Orca Aero,7.0
2024-01-05,124.0,Corrente Delta Axis,3.0
2024-01-05,127.0,Cabo de Nylon Delta Velocity Core Mako,2.0
2024-01-05,128.0,Boia de Arqueamento Bruce Marlin Hydra,7.0
2024-01-05,133.0,Âncora Bruce Core Pulse,9.0
2024-01-05,141.0,Boia de Arqueamento Bruce Nexus Abyss,15.0
2024-01-05,145.0,Boia de Arqueamento Delta Nexus,2.0
2024-01-05,148.0,Âncora Delta Force Barracuda Mako,12.0
2024-01-05,150.0,Cabo de Nylon Danforth Magnum Vox,28.0
2024-01-06,3.0,Radar Furuno Pulse Leviathan,10.0
2024-01-06,7.0,Radar AIS Zen,10.0
2024-01-06,10.0,Piloto Automático Simrad Titan Flux Magnum,10.0
2024-01-06,11.0,GPS Furuno Swift Leviathan Poseidon,19.0
2024-01-06,13.0,Radar Simrad Boost,3.0
2024-01-06,14.0,Rádio Furuno Zen Swift,3.0
2024-01-06,19.0,Sonda Lowrance Tidal Storm Vox,2.0
2024-01-06,24.0,GPS AIS Orca Marlin Velocity,8.0
2024-01-06,26.0,Piloto Automático Furuno Core Boost Flux,8.0
2024-01-06,34.0,Transponder AIS Helix Torque,5.0
2024-01-06,35.0,Radar Furuno Swift,13.0
2024-01-06,36.0,Radar Lowrance Aqua Pulse,11.0
2024-01-06,39.0,GPS Furuno Vector,10.0
2024-01-06,41.0,GPS Simrad Flow Pulse,6.0
2024-01-06,42.0,Transponder Lowrance Axis,14.0
2024-01-06,48.0,GPS Furuno Magnum Drift,22.0
2024-01-06,50.0,Piloto Automático Simrad Poseidon Magnum,10.0
2024-01-06,52.0,Motor Diesel Honda Zen Tidal Mako 26HP,1.0
2024-01-06,58.0,Motor de Popa Tohatsu Ion Core Nautic 53HP,15.0
2024-01-06,61.0,Motor Diesel Honda Prime 84HP,9.0
2024-01-06,64.0,Motor Elétrico Yamaha Swift Drift Current 265HP,5.0
2024-01-06,69.0,Motor de Popa Torqeedo Ultra Impulse 292HP,14.0
2024-01-06,72.0,Motor de Popa Volvo Hydro Dash 256HP,9.0
2024-01-06,74.0,Motor de Popa Honda Torque 228HP,8.0
2024-01-06,79.0,Motor Diesel Tohatsu Zenith 60HP,1.0
2024-01-06,81.0,Motor Elétrico Torqeedo Barracuda Magnum Helix 101HP,15.0
2024-01-06,86.0,Motor Diesel Volvo Helix Evo Force 144HP,6.0
2024-01-06,91.0,Motor Elétrico Tohatsu Zenith Oceanic 113HP,3.0
2024-01-06,94.0,Motor de Popa Volvo Magnum 276HP,2.0
2024-01-06,96.0,Motor de Popa Tohatsu Boost Swift 126HP,10.0
2024-01-06,99.0,Motor Elétrico Honda Flux Ultra 273HP,13.0
2024-01-06,101.0,Cabo de Nylon Delta Vortex,14.0
2024-01-06,105.0,Cabo de Nylon Danforth Prime,4.0
2024-01-06,106.0,Âncora Danforth Nitro Titan Vox,12.0
2024-01-06,108.0,Boia de Arqueamento Bruce Titan,8.0
2024-01-06,114.0,Boia de Arqueamento Danforth Tidal Zen Swift,8.0
2024-01-06,115.0,Cabo de Nylon Delta Force Magnum Leviathan,15.0
2024-01-06,116.0,Cabo de Nylon Delta Velocity Oceanic Abyss,1.0
2024-01-06,119.0,Âncora Bruce Aqua,14.0
2024-01-06,121.0,Âncora Danforth Oceanic Helix Flux,7.0
2024-01-06,123.0,Cabo de Nylon Danforth Orca Aero,7.0
2024-01-06,124.0,Corrente Delta Axis,3.0
2024-01-06,127.0,Cabo de Nylon Delta Velocity Core Mako,2.0
2024-01-06,128.0,Boia de Arqueamento Bruce Marlin Hydra,7.0
2024-01-06,133.0,Âncora Bruce Core Pulse,9.0
2024-01-06,141.0,Boia de Arqueamento Bruce Nexus Abyss,15.0
2024-01-06,145.0,Boia de Arqueamento Delta Nexus,2.0
2024-01-06,148.0,Âncora Delta Force Barracuda Mako,12.0
2024-01-06,150.0,Cabo de Nylon Danforth Magnum Vox,28.0
2024-01-07,3.0,Radar Furuno Pulse Leviathan,10.0
2024-01-07,7.0,Radar AIS Zen,10.0
2024-01-07,10.0,Piloto Automático Simrad Titan Flux Magnum,10.0
2024-01-07,11.0,GPS Furuno Swift Leviathan Poseidon,19.0
2024-01-07,13.0,Radar Simrad Boost,3.0
2024-01-07,14.0,Rádio Furuno Zen Swift,3.0
2024-01-07,19.0,Sonda Lowrance Tidal Storm Vox,2.0
2024-01-07,24.0,GPS AIS Orca Marlin Velocity,8.0
2024-01-07,26.0,Piloto Automático Furuno Core Boost Flux,8.0
2024-01-07,34.0,Transponder AIS Helix Torque,5.0
2024-01-07,35.0,Radar Furuno Swift,13.0
2024-01-07,36.0,Radar Lowrance Aqua Pulse,11.0
2024-01-07,39.0,GPS Furuno Vector,10.0
2024-01-07,41.0,GPS Simrad Flow Pulse,6.0
2024-01-07,42.0,Transponder Lowrance Axis,14.0
2024-01-07,48.0,GPS Furuno Magnum Drift,22.0
2024-01-07,50.0,Piloto Automático Simrad Poseidon Magnum,10.0
2024-01-07,52.0,Motor Diesel Honda Zen Tidal Mako 26HP,1.0
2024-01-07,58.0,Motor de Popa Tohatsu Ion Core Nautic 53HP,15.0
2024-01-07,61.0,Motor Diesel Honda Prime 84HP,9.0
2024-01-07,64.0,Motor Elétrico Yamaha Swift Drift Current 265HP,5.0
2024-01-07,69.0,Motor de Popa Torqeedo Ultra Impulse 292HP,14.0
2024-01-07,72.0,Motor de Popa Volvo Hydro Dash 256HP,9.0
2024-01-07,74.0,Motor de Popa Honda Torque 228HP,8.0
2024-01-07,79.0,Motor Diesel Tohatsu Zenith 60HP,1.0
2024-01-07,81.0,Motor Elétrico Torqeedo Barracuda Magnum Helix 101HP,15.0
2024-01-07,86.0,Motor Diesel Volvo Helix Evo Force 144HP,6.0
2024-01-07,91.0,Motor Elétrico Tohatsu Zenith Oceanic 113HP,3.0
2024-01-07,94.0,Motor de Popa Volvo Magnum 276HP,2.0
2024-01-07,96.0,Motor de Popa Tohatsu Boost Swift 126HP,10.0
2024-01-07,99.0,Motor Elétrico Honda Flux Ultra 273HP,13.0
2024-01-07,101.0,Cabo de Nylon Delta Vortex,14.0
2024-01-07,105.0,Cabo de Nylon Danforth Prime,4.0
2024-01-07,106.0,Âncora Danforth Nitro Titan Vox,12.0
2024-01-07,108.0,Boia de Arqueamento Bruce Titan,8.0
2024-01-07,114.0,Boia de Arqueamento Danforth Tidal Zen Swift,8.0
2024-01-07,115.0,Cabo de Nylon Delta Force Magnum Leviathan,15.0
2024-01-07,116.0,Cabo de Nylon Delta Velocity Oceanic Abyss,1.0
2024-01-07,119.0,Âncora Bruce Aqua,14.0
2024-01-07,121.0,Âncora Danforth Oceanic Helix Flux,7.0
2024-01-07,123.0,Cabo de Nylon Danforth Orca Aero,7.0
2024-01-07,124.0,Corrente Delta Axis,3.0
2024-01-07,127.0,Cabo de Nylon Delta Velocity Core Mako,2.0
2024-01-07,128.0,Boia de Arqueamento Bruce Marlin Hydra,7.0
2024-01-07,133.0,Âncora Bruce Core Pulse,9.0
2024-01-07,141.0,Boia de Arqueamento Bruce Nexus Abyss,15.0
2024-01-07,145.0,Boia de Arqueamento Delta Nexus,2.0
2024-01-07,148.0,Âncora Delta Force Barracuda Mako,12.0
2024-01-07,150.0,Cabo de Nylon Danforth Magnum Vox,28.0
2024-01-08,3.0,Radar Furuno Pulse Leviathan,10.0
2024-01-08,7.0,Radar AIS Zen,10.0
2024-01-08,10.0,Piloto Automático Simrad Titan Flux Magnum,10.0
2024-01-08,11.0,GPS Furuno Swift Leviathan Poseidon,19.0
2024-01-08,13.0,Radar Simrad Boost,3.0
2024-01-08,14.0,Rádio Furuno Zen Swift,3.0
2024-01-08,19.0,Sonda Lowrance Tidal Storm Vox,2.0
2024-01-08,24.0,GPS AIS Orca Marlin Velocity,8.0
2024-01-08,26.0,Piloto Automático Furuno Core Boost Flux,8.0
2024-01-08,34.0,Transponder AIS Helix Torque,5.0
2024-01-08,35.0,Radar Furuno Swift,13.0
2024-01-08,36.0,Radar Lowrance Aqua Pulse,11.0
2024-01-08,39.0,GPS Furuno Vector,10.0
2024-01-08,41.0,GPS Simrad Flow Pulse,6.0
2024-01-08,42.0,Transponder Lowrance Axis,14.0
2024-01-08,48.0,GPS Furuno Magnum Drift,22.0
2024-01-08,50.0,Piloto Automático Simrad Poseidon Magnum,10.0
2024-01-08,52.0,Motor Diesel Honda Zen Tidal Mako 26HP,1.0
2024-01-08,58.0,Motor de Popa Tohatsu Ion Core Nautic 53HP,15.0
2024-01-08,61.0,Motor Diesel Honda Prime 84HP,9.0
2024-01-08,64.0,Motor Elétrico Yamaha Swift Drift Current 265HP,5.0
2024-01-08,69.0,Motor de Popa Torqeedo Ultra Impulse 292HP,14.0
2024-01-08,72.0,Motor de Popa Volvo Hydro Dash 256HP,9.0
2024-01-08,74.0,Motor de Popa Honda Torque 228HP,8.0
2024-01-08,79.0,Motor Diesel Tohatsu Zenith 60HP,1.0
2024-01-08,81.0,Motor Elétrico Torqeedo Barracuda Magnum Helix 101HP,15.0
2024-01-08,86.0,Motor Diesel Volvo Helix Evo Force 144HP,6.0
2024-01-08,91.0,Motor Elétrico Tohatsu Zenith Oceanic 113HP,3.0
2024-01-08,94.0,Motor de Popa Volvo Magnum 276HP,2.0
2024-01-08,96.0,Motor de Popa Tohatsu Boost Swift 126HP,10.0
2024-01-08,99.0,Motor Elétrico Honda Flux Ultra 273HP,13.0
2024-01-08,101.0,Cabo de Nylon Delta Vortex,14.0
2024-01-08,105.0,Cabo de Nylon Danforth Prime,4.0
2024-01-08,106.0,Âncora Danforth Nitro Titan Vox,12.0
2024-01-08,108.0,Boia de Arqueamento Bruce Titan,8.0
2024-01-08,114.0,Boia de Arqueamento Danforth Tidal Zen Swift,8.0
2024-01-08,115.0,Cabo de Nylon Delta Force Magnum Leviathan,15.0
2024-01-08,116.0,Cabo de Nylon Delta Velocity Oceanic Abyss,1.0
2024-01-08,119.0,Âncora Bruce Aqua,14.0
2024-01-08,121.0,Âncora Danforth Oceanic Helix Flux,7.0
2024-01-08,123.0,Cabo de Nylon Danforth Orca Aero,7.0
2024-01-08,124.0,Corrente Delta Axis,3.0
2024-01-08,127.0,Cabo de Nylon Delta Velocity Core Mako,2.0
2024-01-08,128.0,Boia de Arqueamento Bruce Marlin Hydra,7.0
2024-01-08,133.0,Âncora Bruce Core Pulse,9.0
2024-01-08,141.0,Boia de Arqueamento Bruce Nexus Abyss,15.0
2024-01-08,145.0,Boia de Arqueamento Delta Nexus,2.0
2024-01-08,148.0,Âncora Delta Force Barracuda Mako,12.0
2024-01-08,150.0,Cabo de Nylon Danforth Magnum Vox,28.0
2024-01-09,3.0,Radar Furuno Pulse Leviathan,10.0
2024-01-09,7.0,Radar AIS Zen,10.0
2024-01-09,10.0,Piloto Automático Simrad Titan Flux Magnum,10.0
2024-01-09,11.0,GPS Furuno Swift Leviathan Poseidon,19.0
2024-01-09,13.0,Radar Simrad Boost,3.0
2024-01-09,14.0,Rádio Furuno Zen Swift,3.0
2024-01-09,19.0,Sonda Lowrance Tidal Storm Vox,2.0
2024-01-09,24.0,GPS AIS Orca Marlin Velocity,8.0
2024-01-09,26.0,Piloto Automático Furuno Core Boost Flux,8.0
2024-01-09,34.0,Transponder AIS Helix Torque,5.0
2024-01-09,35.0,Radar Furuno Swift,13.0
2024-01-09,36.0,Radar Lowrance Aqua Pulse,11.0
2024-01-09,39.0,GPS Furuno Vector,10.0
2024-01-09,41.0,GPS Simrad Flow Pulse,6.0
2024-01-09,42.0,Transponder Lowrance Axis,14.0
2024-01-09,48.0,GPS Furuno Magnum Drift,22.0
2024-01-09,50.0,Piloto Automático Simrad Poseidon Magnum,10.0
2024-01-09,52.0,Motor Diesel Honda Zen Tidal Mako 26HP,1.0
2024-01-09,58.0,Motor de Popa Tohatsu Ion Core Nautic 53HP,15.0
2024-01-09,61.0,Motor Diesel Honda Prime 84HP,9.0
2024-01-09,64.0,Motor Elétrico Yamaha Swift Drift Current 265HP,5.0
2024-01-09,69.0,Motor de Popa Torqeedo Ultra Impulse 292HP,14.0
2024-01-09,72.0,Motor de Popa Volvo Hydro Dash 256HP,9.0
2024-01-09,74.0,Motor de Popa Honda Torque 228HP,8.0
2024-01-09,79.0,Motor Diesel Tohatsu Zenith 60HP,1.0
2024-01-09,81.0,Motor Elétrico Torqeedo Barracuda Magnum Helix 101HP,15.0
2024-01-09,86.0,Motor Diesel Volvo Helix Evo Force 144HP,6.0
2024-01-09,91.0,Motor Elétrico Tohatsu Zenith Oceanic 113HP,3.0
2024-01-09,94.0,Motor de Popa Volvo Magnum 276HP,2.0
2024-01-09,96.0,Motor de Popa Tohatsu Boost Swift 126HP,10.0
2024-01-09,99.0,Motor Elétrico Honda Flux Ultra 273HP,13.0
2024-01-09,101.0,Cabo de Nylon Delta Vortex,14.0
2024-01-09,105.0,Cabo de Nylon Danforth Prime,4.0
2024-01-09,106.0,Âncora Danforth Nitro Titan Vox,12.0
2024-01-09,108.0,Boia de Arqueamento Bruce Titan,8.0
2024-01-09,114.0,Boia de Arqueamento Danforth Tidal Zen Swift,8.0
2024-01-09,115.0,Cabo de Nylon Delta Force Magnum Leviathan,15.0
2024-01-09,116.0,Cabo de Nylon Delta Velocity Oceanic Abyss,1.0
2024-01-09,119.0,Âncora Bruce Aqua,14.0
2024-01-09,121.0,Âncora Danforth Oceanic Helix Flux,7.0
2024-01-09,123.0,Cabo de Nylon Danforth Orca Aero,7.0
2024-01-09,124.0,Corrente Delta Axis,3.0
2024-01-09,127.0,Cabo de Nylon Delta Velocity Core Mako,2.0
2024-01-09,128.0,Boia de Arqueamento Bruce Marlin Hydra,7.0
2024-01-09,133.0,Âncora Bruce Core Pulse,9.0
2024-01-09,141.0,Boia de Arqueamento Bruce Nexus Abyss,15.0
2024-01-09,145.0,Boia de Arqueamento Delta Nexus,2.0
2024-01-09,148.0,Âncora Delta Force Barracuda Mako,12.0
2024-01-09,150.0,Cabo de Nylon Danforth Magnum Vox,28.0
2024-01-10,3.0,Radar Furuno Pulse Leviathan,10.0
2024-01-10,7.0,Radar AIS Zen,10.0
2024-01-10,10.0,Piloto Automático Simrad Titan Flux Magnum,10.0
2024-01-10,11.0,GPS Furuno Swift Leviathan Poseidon,19.0
2024-01-10,13.0,Radar Simrad Boost,3.0
2024-01-10,14.0,Rádio Furuno Zen Swift,3.0
2024-01-10,19.0,Sonda Lowrance Tidal Storm Vox,2.0
2024-01-10,24.0,GPS AIS Orca Marlin Velocity,8.0
2024-01-10,26.0,Piloto Automático Furuno Core Boost Flux,8.0
2024-01-10,34.0,Transponder AIS Helix Torque,5.0
2024-01-10,35.0,Radar Furuno Swift,13.0
2024-01-10,36.0,Radar Lowrance Aqua Pulse,11.0
2024-01-10,39.0,GPS Furuno Vector,10.0
2024-01-10,41.0,GPS Simrad Flow Pulse,6.0
2024-01-10,42.0,Transponder Lowrance Axis,14.0
2024-01-10,48.0,GPS Furuno Magnum Drift,22.0
2024-01-10,50.0,Piloto Automático Simrad Poseidon Magnum,10.0
2024-01-10,52.0,Motor Diesel Honda Zen Tidal Mako 26HP,1.0
2024-01-10,58.0,Motor de Popa Tohatsu Ion Core Nautic 53HP,15.0
2024-01-10,61.0,Motor Diesel Honda Prime 84HP,9.0
2024-01-10,64.0,Motor Elétrico Yamaha Swift Drift Current 265HP,5.0
2024-01-10,69.0,Motor de Popa Torqeedo Ultra Impulse 292HP,14.0
2024-01-10,72.0,Motor de Popa Volvo Hydro Dash 256HP,9.0
2024-01-10,74.0,Motor de Popa Honda Torque 228HP,8.0
2024-01-10,79.0,Motor Diesel Tohatsu Zenith 60HP,1.0
2024-01-10,81.0,Motor Elétrico Torqeedo Barracuda Magnum Helix 101HP,15.0
2024-01-10,86.0,Motor Diesel Volvo Helix Evo Force 144HP,6.0
2024-01-10,91.0,Motor Elétrico Tohatsu Zenith Oceanic 113HP,3.0
2024-01-10,94.0,Motor de Popa Volvo Magnum 276HP,2.0
2024-01-10,96.0,Motor de Popa Tohatsu Boost Swift 126HP,10.0
2024-01-10,99.0,Motor Elétrico Honda Flux Ultra 273HP,13.0
2024-01-10,101.0,Cabo de Nylon Delta Vortex,14.0
2024-01-10,105.0,Cabo de Nylon Danforth Prime,4.0
2024-01-10,106.0,Âncora Danforth Nitro Titan Vox,12.0
2024-01-10,108.0,Boia de Arqueamento Bruce Titan,8.0
2024-01-10,114.0,Boia de Arqueamento Danforth Tidal Zen Swift,8.0
2024-01-10,115.0,Cabo de Nylon Delta Force Magnum Leviathan,15.0
2024-01-10,116.0,Cabo de Nylon Delta Velocity Oceanic Abyss,1.0
2024-01-10,119.0,Âncora Bruce Aqua,14.0
2024-01-10,121.0,Âncora Danforth Oceanic Helix Flux,7.0
2024-01-10,123.0,Cabo de Nylon Danforth Orca Aero,7.0
2024-01-10,124.0,Corrente Delta Axis,3.0
2024-01-10,127.0,Cabo de Nylon Delta Velocity Core Mako,2.0
2024-01-10,128.0,Boia de Arqueamento Bruce Marlin Hydra,7.0
2024-01-10,133.0,Âncora Bruce Core Pulse,9.0
2024-01-10,141.0,Boia de Arqueamento Bruce Nexus Abyss,15.0
2024-01-10,145.0,Boia de Arqueamento Delta Nexus,2.0
2024-01-10,148.0,Âncora Delta Force Barracuda Mako,12.0
2024-01-10,150.0,Cabo de Nylon Danforth Magnum Vox,28.0
2024-01-11,3.0,Radar Furuno Pulse Leviathan,10.0
2024-01-11,7.0,Radar AIS Zen,10.0
2024-01-11,10.0,Piloto Automático Simrad Titan Flux Magnum,10.0
2024-01-11,11.0,GPS Furuno Swift Leviathan Poseidon,19.0
2024-01-11,13.0,Radar Simrad Boost,3.0
2024-01-11,14.0,Rádio Furuno Zen Swift,3.0
2024-01-11,19.0,Sonda Lowrance Tidal Storm Vox,2.0
2024-01-11,24.0,GPS AIS Orca Marlin Velocity,8.0
2024-01-11,26.0,Piloto Automático Furuno Core Boost Flux,8.0
2024-01-11,34.0,Transponder AIS Helix Torque,5.0
2024-01-11,35.0,Radar Furuno Swift,13.0
2024-01-11,36.0,Radar Lowrance Aqua Pulse,11.0
2024-01-11,39.0,GPS Furuno Vector,10.0
2024-01-11,41.0,GPS Simrad Flow Pulse,6.0
2024-01-11,42.0,Transponder Lowrance Axis,14.0
2024-01-11,48.0,GPS Furuno Magnum Drift,22.0
2024-01-11,50.0,Piloto Automático Simrad Poseidon Magnum,10.0
2024-01-11,52.0,Motor Diesel Honda Zen Tidal Mako 26HP,1.0
2024-01-11,58.0,Motor de Popa Tohatsu Ion Core Nautic 53HP,15.0
2024-01-11,61.0,Motor Diesel Honda Prime 84HP,9.0
2024-01-11,64.0,Motor Elétrico Yamaha Swift Drift Current 265HP,5.0
2024-01-11,69.0,Motor de Popa Torqeedo Ultra Impulse 292HP,14.0
2024-01-11,72.0,Motor de Popa Volvo Hydro Dash 256HP,9.0
2024-01-11,74.0,Motor de Popa Honda Torque 228HP,8.0
2024-01-11,79.0,Motor Diesel Tohatsu Zenith 60HP,1.0
2024-01-11,81.0,Motor Elétrico Torqeedo Barracuda Magnum Helix 101HP,15.0
2024-01-11,86.0,Motor Diesel Volvo Helix Evo Force 144HP,6.0
2024-01-11,91.0,Motor Elétrico Tohatsu Zenith Oceanic 113HP,3.0
2024-01-11,94.0,Motor de Popa Volvo Magnum 276HP,2.0
2024-01-11,96.0,Motor de Popa Tohatsu Boost Swift 126HP,10.0
2024-01-11,99.0,Motor Elétrico Honda Flux Ultra 273HP,13.0
2024-01-11,101.0,Cabo de Nylon Delta Vortex,14.0
2024-01-11,105.0,Cabo de Nylon Danforth Prime,4.0
2024-01-11,106.0,Âncora Danforth Nitro Titan Vox,12.0
2024-01-11,108.0,Boia de Arqueamento Bruce Titan,8.0
2024-01-11,114.0,Boia de Arqueamento Danforth Tidal Zen Swift,8.0
2024-01-11,115.0,Cabo de Nylon Delta Force Magnum Leviathan,15.0
2024-01-11,116.0,Cabo de Nylon Delta Velocity Oceanic Abyss,1.0
2024-01-11,119.0,Âncora Bruce Aqua,14.0
2024-01-11,121.0,Âncora Danforth Oceanic Helix Flux,7.0
2024-01-11,123.0,Cabo de Nylon Danforth Orca Aero,7.0
2024-01-11,124.0,Corrente Delta Axis,3.0
2024-01-11,127.0,Cabo de Nylon Delta Velocity Core Mako,2.0
2024-01-11,128.0,Boia de Arqueamento Bruce Marlin Hydra,7.0
2024-01-11,133.0,Âncora Bruce Core Pulse,9.0
2024-01-11,141.0,Boia de Arqueamento Bruce Nexus Abyss,15.0
2024-01-11,145.0,Boia de Arqueamento Delta Nexus,2.0
2024-01-11,148.0,Âncora Delta Force Barracuda Mako,12.0
2024-01-11,150.0,Cabo de Nylon Danforth Magnum Vox,28.0
2024-01-12,3.0,Radar Furuno Pulse Leviathan,10.0
2024-01-12,7.0,Radar AIS Zen,10.0
2024-01-12,10.0,Piloto Automático Simrad Titan Flux Magnum,10.0
2024-01-12,11.0,GPS Furuno Swift Leviathan Poseidon,19.0
2024-01-12,13.0,Radar Simrad Boost,3.0
2024-01-12,14.0,Rádio Furuno Zen Swift,3.0
2024-01-12,19.0,Sonda Lowrance Tidal Storm Vox,2.0
2024-01-12,24.0,GPS AIS Orca Marlin Velocity,8.0
2024-01-12,26.0,Piloto Automático Furuno Core Boost Flux,8.0
2024-01-12,34.0,Transponder AIS Helix Torque,5.0
2024-01-12,35.0,Radar Furuno Swift,13.0
2024-01-12,36.0,Radar Lowrance Aqua Pulse,11.0
2024-01-12,39.0,GPS Furuno Vector,10.0
2024-01-12,41.0,GPS Simrad Flow Pulse,6.0
2024-01-12,42.0,Transponder Lowrance Axis,14.0
2024-01-12,48.0,GPS Furuno Magnum Drift,22.0
2024-01-12,50.0,Piloto Automático Simrad Poseidon Magnum,10.0
2024-01-12,52.0,Motor Diesel Honda Zen Tidal Mako 26HP,1.0
2024-01-12,58.0,Motor de Popa Tohatsu Ion Core Nautic 53HP,15.0
2024-01-12,61.0,Motor Diesel Honda Prime 84HP,9.0
2024-01-12,64.0,Motor Elétrico Yamaha Swift Drift Current 265HP,5.0
2024-01-12,69.0,Motor de Popa Torqeedo Ultra Impulse 292HP,14.0
2024-01-12,72.0,Motor de Popa Volvo Hydro Dash 256HP,9.0
2024-01-12,74.0,Motor de Popa Honda Torque 228HP,8.0
2024-01-12,79.0,Motor Diesel Tohatsu Zenith 60HP,1.0
2024-01-12,81.0,Motor Elétrico Torqeedo Barracuda Magnum Helix 101HP,15.0
2024-01-12,86.0,Motor Diesel Volvo Helix Evo Force 144HP,6.0
2024-01-12,91.0,Motor Elétrico Tohatsu Zenith Oceanic 113HP,3.0
2024-01-12,94.0,Motor de Popa Volvo Magnum 276HP,2.0
2024-01-12,96.0,Motor de Popa Tohatsu Boost Swift 126HP,10.0
2024-01-12,99.0,Motor Elétrico Honda Flux Ultra 273HP,13.0
2024-01-12,101.0,Cabo de Nylon Delta Vortex,14.0
2024-01-12,105.0,Cabo de Nylon Danforth Prime,4.0
2024-01-12,106.0,Âncora Danforth Nitro Titan Vox,12.0
2024-01-12,108.0,Boia de Arqueamento Bruce Titan,8.0
2024-01-12,114.0,Boia de Arqueamento Danforth Tidal Zen Swift,8.0
2024-01-12,115.0,Cabo de Nylon Delta Force Magnum Leviathan,15.0
2024-01-12,116.0,Cabo de Nylon Delta Velocity Oceanic Abyss,1.0
2024-01-12,119.0,Âncora Bruce Aqua,14.0
2024-01-12,121.0,Âncora Danforth Oceanic Helix Flux,7.0
2024-01-12,123.0,Cabo de Nylon Danforth Orca Aero,7.0
2024-01-12,124.0,Corrente Delta Axis,3.0
2024-01-12,127.0,Cabo de Nylon Delta Velocity Core Mako,2.0
2024-01-12,128.0,Boia de Arqueamento Bruce Marlin Hydra,7.0
2024-01-12,133.0,Âncora Bruce Core Pulse,9.0
2024-01-12,141.0,Boia de Arqueamento Bruce Nexus Abyss,15.0
2024-01-12,145.0,Boia de Arqueamento Delta Nexus,2.0
2024-01-12,148.0,Âncora Delta Force Barracuda Mako,12.0
2024-01-12,150.0,Cabo de Nylon Danforth Magnum Vox,28.0
2024-01-13,3.0,Radar Furuno Pulse Leviathan,10.0
2024-01-13,7.0,Radar AIS Zen,10.0
2024-01-13,10.0,Piloto Automático Simrad Titan Flux Magnum,10.0
2024-01-13,11.0,GPS Furuno Swift Leviathan Poseidon,19.0
2024-01-13,13.0,Radar Simrad Boost,3.0
2024-01-13,14.0,Rádio Furuno Zen Swift,3.0
2024-01-13,19.0,Sonda Lowrance Tidal Storm Vox,2.0
2024-01-13,24.0,GPS AIS Orca Marlin Velocity,8.0
2024-01-13,26.0,Piloto Automático Furuno Core Boost Flux,8.0
2024-01-13,34.0,Transponder AIS Helix Torque,5.0
2024-01-13,35.0,Radar Furuno Swift,13.0
2024-01-13,36.0,Radar Lowrance Aqua Pulse,11.0
2024-01-13,39.0,GPS Furuno Vector,10.0
2024-01-13,41.0,GPS Simrad Flow Pulse,6.0
2024-01-13,42.0,Transponder Lowrance Axis,14.0
2024-01-13,48.0,GPS Furuno Magnum Drift,22.0
2024-01-13,50.0,Piloto Automático Simrad Poseidon Magnum,10.0
2024-01-13,52.0,Motor Diesel Honda Zen Tidal Mako 26HP,1.0
2024-01-13,58.0,Motor de Popa Tohatsu Ion Core Nautic 53HP,15.0
2024-01-13,61.0,Motor Diesel Honda Prime 84HP,9.0
2024-01-13,64.0,Motor Elétrico Yamaha Swift Drift Current 265HP,5.0
2024-01-13,69.0,Motor de Popa Torqeedo Ultra Impulse 292HP,14.0
2024-01-13,72.0,Motor de Popa Volvo Hydro Dash 256HP,9.0
2024-01-13,74.0,Motor de Popa Honda Torque 228HP,8.0
2024-01-13,79.0,Motor Diesel Tohatsu Zenith 60HP,1.0
2024-01-13,81.0,Motor Elétrico Torqeedo Barracuda Magnum Helix 101HP,15.0
2024-01-13,86.0,Motor Diesel Volvo Helix Evo Force 144HP,6.0
2024-01-13,91.0,Motor Elétrico Tohatsu Zenith Oceanic 113HP,3.0
2024-01-13,94.0,Motor de Popa Volvo Magnum 276HP,2.0
2024-01-13,96.0,Motor de Popa Tohatsu Boost Swift 126HP,10.0
2024-01-13,99.0,Motor Elétrico Honda Flux Ultra 273HP,13.0
2024-01-13,101.0,Cabo de Nylon Delta Vortex,14.0
2024-01-13,105.0,Cabo de Nylon Danforth Prime,4.0
2024-01-13,106.0,Âncora Danforth Nitro Titan Vox,12.0
2024-01-13,108.0,Boia de Arqueamento Bruce Titan,8.0
2024-01-13,114.0,Boia de Arqueamento Danforth Tidal Zen Swift,8.0
2024-01-13,115.0,Cabo de Nylon Delta Force Magnum Leviathan,15.0
2024-01-13,116.0,Cabo de Nylon Delta Velocity Oceanic Abyss,1.0
2024-01-13,119.0,Âncora Bruce Aqua,14.0
2024-01-13,121.0,Âncora Danforth Oceanic Helix Flux,7.0
2024-01-13,123.0,Cabo de Nylon Danforth Orca Aero,7.0
2024-01-13,124.0,Corrente Delta Axis,3.0
2024-01-13,127.0,Cabo de Nylon Delta Velocity Core Mako,2.0
2024-01-13,128.0,Boia de Arqueamento Bruce Marlin Hydra,7.0
2024-01-13,133.0,Âncora Bruce Core Pulse,9.0
2024-01-13,141.0,Boia de Arqueamento Bruce Nexus Abyss,15.0
2024-01-13,145.0,Boia de Arqueamento Delta Nexus,2.0
2024-01-13,148.0,Âncora Delta Force Barracuda Mako,12.0
2024-01-13,150.0,Cabo de Nylon Danforth Magnum Vox,28.0
2024-01-14,3.0,Radar Furuno Pulse Leviathan,10.0
2024-01-14,7.0,Radar AIS Zen,10.0
2024-01-14,10.0,Piloto Automático Simrad Titan Flux Magnum,10.0
2024-01-14,11.0,GPS Furuno Swift Leviathan Poseidon,19.0
2024-01-14,13.0,Radar Simrad Boost,3.0
2024-01-14,14.0,Rádio Furuno Zen Swift,3.0
2024-01-14,19.0,Sonda Lowrance Tidal Storm Vox,2.0
2024-01-14,24.0,GPS AIS Orca Marlin Velocity,8.0
2024-01-14,26.0,Piloto Automático Furuno Core Boost Flux,8.0
2024-01-14,34.0,Transponder AIS Helix Torque,5.0
2024-01-14,35.0,Radar Furuno Swift,13.0
2024-01-14,36.0,Radar Lowrance Aqua Pulse,11.0
2024-01-14,39.0,GPS Furuno Vector,10.0
2024-01-14,41.0,GPS Simrad Flow Pulse,6.0
2024-01-14,42.0,Transponder Lowrance Axis,14.0
2024-01-14,48.0,GPS Furuno Magnum Drift,22.0
2024-01-14,50.0,Piloto Automático Simrad Poseidon Magnum,10.0
2024-01-14,52.0,Motor Diesel Honda Zen Tidal Mako 26HP,1.0
2024-01-14,58.0,Motor de Popa Tohatsu Ion Core Nautic 53HP,15.0
2024-01-14,61.0,Motor Diesel Honda Prime 84HP,9.0
2024-01-14,64.0,Motor Elétrico Yamaha Swift Drift Current 265HP,5.0
2024-01-14,69.0,Motor de Popa Torqeedo Ultra Impulse 292HP,14.0
2024-01-14,72.0,Motor de Popa Volvo Hydro Dash 256HP,9.0
2024-01-14,74.0,Motor de Popa Honda Torque 228HP,8.0
2024-01-14,79.0,Motor Diesel Tohatsu Zenith 60HP,1.0
2024-01-14,81.0,Motor Elétrico Torqeedo Barracuda Magnum Helix 101HP,15.0
2024-01-14,86.0,Motor Diesel Volvo Helix Evo Force 144HP,6.0
2024-01-14,91.0,Motor Elétrico Tohatsu Zenith Oceanic 113HP,3.0
2024-01-14,94.0,Motor de Popa Volvo Magnum 276HP,2.0
2024-01-14,96.0,Motor de Popa Tohatsu Boost Swift 126HP,10.0
2024-01-14,99.0,Motor Elétrico Honda Flux Ultra 273HP,13.0
2024-01-14,101.0,Cabo de Nylon Delta Vortex,14.0
2024-01-14,105.0,Cabo de Nylon Danforth Prime,4.0
2024-01-14,106.0,Âncora Danforth Nitro Titan Vox,12.0
2024-01-14,108.0,Boia de Arqueamento Bruce Titan,8.0
2024-01-14,114.0,Boia de Arqueamento Danforth Tidal Zen Swift,8.0
2024-01-14,115.0,Cabo de Nylon Delta Force Magnum Leviathan,15.0
2024-01-14,116.0,Cabo de Nylon Delta Velocity Oceanic Abyss,1.0
2024-01-14,119.0,Âncora Bruce Aqua,14.0
2024-01-14,121.0,Âncora Danforth Oceanic Helix Flux,7.0
2024-01-14,123.0,Cabo de Nylon Danforth Orca Aero,7.0
2024-01-14,124.0,Corrente Delta Axis,3.0
2024-01-14,127.0,Cabo de Nylon Delta Velocity Core Mako,2.0
2024-01-14,128.0,Boia de Arqueamento Bruce Marlin Hydra,7.0
2024-01-14,133.0,Âncora Bruce Core Pulse,9.0
2024-01-14,141.0,Boia de Arqueamento Bruce Nexus Abyss,15.0
2024-01-14,145.0,Boia de Arqueamento Delta Nexus,2.0
2024-01-14,148.0,Âncora Delta Force Barracuda Mako,12.0
2024-01-14,150.0,Cabo de Nylon Danforth Magnum Vox,28.0
2024-01-15,3.0,Radar Furuno Pulse Leviathan,10.0
2024-01-15,7.0,Radar AIS Zen,10.0
2024-01-15,10.0,Piloto Automático Simrad Titan Flux Magnum,10.0
2024-01-15,11.0,GPS Furuno Swift Leviathan Poseidon,19.0
2024-01-15,13.0,Radar Simrad Boost,3.0
2024-01-15,14.0,Rádio Furuno Zen Swift,3.0
2024-01-15,19.0,Sonda Lowrance Tidal Storm Vox,2.0
2024-01-15,24.0,GPS AIS Orca Marlin Velocity,8.0
2024-01-15,26.0,Piloto Automático Furuno Core Boost Flux,8.0
2024-01-15,34.0,Transponder AIS Helix Torque,5.0
2024-01-15,35.0,Radar Furuno Swift,13.0
2024-01-15,36.0,Radar Lowrance Aqua Pulse,11.0
2024-01-15,39.0,GPS Furuno Vector,10.0
2024-01-15,41.0,GPS Simrad Flow Pulse,6.0
2024-01-15,42.0,Transponder Lowrance Axis,14.0
2024-01-15,48.0,GPS Furuno Magnum Drift,22.0
2024-01-15,50.0,Piloto Automático Simrad Poseidon Magnum,10.0
2024-01-15,52.0,Motor Diesel Honda Zen Tidal Mako 26HP,1.0
2024-01-15,58.0,Motor de Popa Tohatsu Ion Core Nautic 53HP,15.0
2024-01-15,61.0,Motor Diesel Honda Prime 84HP,9.0
2024-01-15,64.0,Motor Elétrico Yamaha Swift Drift Current 265HP,5.0
2024-01-15,69.0,Motor de Popa Torqeedo Ultra Impulse 292HP,14.0
2024-01-15,72.0,Motor de Popa Volvo Hydro Dash 256HP,9.0
2024-01-15,74.0,Motor de Popa Honda Torque 228HP,8.0
2024-01-15,79.0,Motor Diesel Tohatsu Zenith 60HP,1.0
2024-01-15,81.0,Motor Elétrico Torqeedo Barracuda Magnum Helix 101HP,15.0
2024-01-15,86.0,Motor Diesel Volvo Helix Evo Force 144HP,6.0
2024-01-15,91.0,Motor Elétrico Tohatsu Zenith Oceanic 113HP,3.0
2024-01-15,94.0,Motor de Popa Volvo Magnum 276HP,2.0
2024-01-15,96.0,Motor de Popa Tohatsu Boost Swift 126HP,10.0
2024-01-15,99.0,Motor Elétrico Honda Flux Ultra 273HP,13.0
2024-01-15,101.0,Cabo de Nylon Delta Vortex,14.0
2024-01-15,105.0,Cabo de Nylon Danforth Prime,4.0
2024-01-15,106.0,Âncora Danforth Nitro Titan Vox,12.0
2024-01-15,108.0,Boia de Arqueamento Bruce Titan,8.0
2024-01-15,114.0,Boia de Arqueamento Danforth Tidal Zen Swift,8.0
2024-01-15,115.0,Cabo de Nylon Delta Force Magnum Leviathan,15.0
2024-01-15,116.0,Cabo de Nylon Delta Velocity Oceanic Abyss,1.0
2024-01-15,119.0,Âncora Bruce Aqua,14.0
2024-01-15,121.0,Âncora Danforth Oceanic Helix Flux,7.0
2024-01-15,123.0,Cabo de Nylon Danforth Orca Aero,7.0
2024-01-15,124.0,Corrente Delta Axis,3.0
2024-01-15,127.0,Cabo de Nylon Delta Velocity Core Mako,2.0
2024-01-15,128.0,Boia de Arqueamento Bruce Marlin Hydra,7.0
2024-01-15,133.0,Âncora Bruce Core Pulse,9.0
2024-01-15,141.0,Boia de Arqueamento Bruce Nexus Abyss,15.0
2024-01-15,145.0,Boia de Arqueamento Delta Nexus,2.0
2024-01-15,148.0,Âncora Delta Force Barracuda Mako,12.0
2024-01-15,150.0,Cabo de Nylon Danforth Magnum Vox,28.0
2024-01-16,3.0,Radar Furuno Pulse Leviathan,10.0
2024-01-16,7.0,Radar AIS Zen,10.0
2024-01-16,10.0,Piloto Automático Simrad Titan Flux Magnum,10.0
2024-01-16,11.0,GPS Furuno Swift Leviathan Poseidon,19.0
2024-01-16,13.0,Radar Simrad Boost,3.0
2024-01-16,14.0,Rádio Furuno Zen Swift,3.0
2024-01-16,19.0,Sonda Lowrance Tidal Storm Vox,2.0
2024-01-16,24.0,GPS AIS Orca Marlin Velocity,8.0
2024-01-16,26.0,Piloto Automático Furuno Core Boost Flux,8.0
2024-01-16,34.0,Transponder AIS Helix Torque,5.0
2024-01-16,35.0,Radar Furuno Swift,13.0
2024-01-16,36.0,Radar Lowrance Aqua Pulse,11.0
2024-01-16,39.0,GPS Furuno Vector,10.0
2024-01-16,41.0,GPS Simrad Flow Pulse,6.0
2024-01-16,42.0,Transponder Lowrance Axis,14.0
2024-01-16,48.0,GPS Furuno Magnum Drift,22.0
2024-01-16,50.0,Piloto Automático Simrad Poseidon Magnum,10.0
2024-01-16,52.0,Motor Diesel Honda Zen Tidal Mako 26HP,1.0
2024-01-16,58.0,Motor de Popa Tohatsu Ion Core Nautic 53HP,15.0
2024-01-16,61.0,Motor Diesel Honda Prime 84HP,9.0
2024-01-16,64.0,Motor Elétrico Yamaha Swift Drift Current 265HP,5.0
2024-01-16,69.0,Motor de Popa Torqeedo Ultra Impulse 292HP,14.0
2024-01-16,72.0,Motor de Popa Volvo Hydro Dash 256HP,9.0
2024-01-16,74.0,Motor de Popa Honda Torque 228HP,8.0
2024-01-16,79.0,Motor Diesel Tohatsu Zenith 60HP,1.0
2024-01-16,81.0,Motor Elétrico Torqeedo Barracuda Magnum Helix 101HP,15.0
2024-01-16,86.0,Motor Diesel Volvo Helix Evo Force 144HP,6.0
2024-01-16,91.0,Motor Elétrico Tohatsu Zenith Oceanic 113HP,3.0
2024-01-16,94.0,Motor de Popa Volvo Magnum 276HP,2.0
2024-01-16,96.0,Motor de Popa Tohatsu Boost Swift 126HP,10.0
2024-01-16,99.0,Motor Elétrico Honda Flux Ultra 273HP,13.0
2024-01-16,101.0,Cabo de Nylon Delta Vortex,14.0
2024-01-16,105.0,Cabo de Nylon Danforth Prime,4.0
2024-01-16,106.0,Âncora Danforth Nitro Titan Vox,12.0
2024-01-16,108.0,Boia de Arqueamento Bruce Titan,8.0
2024-01-16,114.0,Boia de Arqueamento Danforth Tidal Zen Swift,8.0
2024-01-16,115.0,Cabo de Nylon Delta Force Magnum Leviathan,15.0
2024-01-16,116.0,Cabo de Nylon Delta Velocity Oceanic Abyss,1.0
2024-01-16,119.0,Âncora Bruce Aqua,14.0
2024-01-16,121.0,Âncora Danforth Oceanic Helix Flux,7.0
2024-01-16,123.0,Cabo de Nylon Danforth Orca Aero,7.0
2024-01-16,124.0,Corrente Delta Axis,3.0
2024-01-16,127.0,Cabo de Nylon Delta Velocity Core Mako,2.0
2024-01-16,128.0,Boia de Arqueamento Bruce Marlin Hydra,7.0
2024-01-16,133.0,Âncora Bruce Core Pulse,9.0
2024-01-16,141.0,Boia de Arqueamento Bruce Nexus Abyss,15.0
2024-01-16,145.0,Boia de Arqueamento Delta Nexus,2.0
2024-01-16,148.0,Âncora Delta Force Barracuda Mako,12.0
2024-01-16,150.0,Cabo de Nylon Danforth Magnum Vox,28.0
2024-01-17,3.0,Radar Furuno Pulse Leviathan,10.0
2024-01-17,7.0,Radar AIS Zen,10.0
2024-01-17,10.0,Piloto Automático Simrad Titan Flux Magnum,10.0
2024-01-17,11.0,GPS Furuno Swift Leviathan Poseidon,19.0
2024-01-17,13.0,Radar Simrad Boost,3.0
2024-01-17,14.0,Rádio Furuno Zen Swift,3.0
2024-01-17,19.0,Sonda Lowrance Tidal Storm Vox,2.0
2024-01-17,24.0,GPS AIS Orca Marlin Velocity,8.0
2024-01-17,26.0,Piloto Automático Furuno Core Boost Flux,8.0
2024-01-17,34.0,Transponder AIS Helix Torque,5.0
2024-01-17,35.0,Radar Furuno Swift,13.0
2024-01-17,36.0,Radar Lowrance Aqua Pulse,11.0
2024-01-17,39.0,GPS Furuno Vector,10.0
2024-01-17,41.0,GPS Simrad Flow Pulse,6.0
2024-01-17,42.0,Transponder Lowrance Axis,14.0
2024-01-17,48.0,GPS Furuno Magnum Drift,22.0
2024-01-17,50.0,Piloto Automático Simrad Poseidon Magnum,10.0
2024-01-17,52.0,Motor Diesel Honda Zen Tidal Mako 26HP,1.0
2024-01-17,58.0,Motor de Popa Tohatsu Ion Core Nautic 53HP,15.0
2024-01-17,61.0,Motor Diesel Honda Prime 84HP,9.0
2024-01-17,64.0,Motor Elétrico Yamaha Swift Drift Current 265HP,5.0
2024-01-17,69.0,Motor de Popa Torqeedo Ultra Impulse 292HP,14.0
2024-01-17,72.0,Motor de Popa Volvo Hydro Dash 256HP,9.0
2024-01-17,74.0,Motor de Popa Honda Torque 228HP,8.0
2024-01-17,79.0,Motor Diesel Tohatsu Zenith 60HP,1.0
2024-01-17,81.0,Motor Elétrico Torqeedo Barracuda Magnum Helix 101HP,15.0
2024-01-17,86.0,Motor Diesel Volvo Helix Evo Force 144HP,6.0
2024-01-17,91.0,Motor Elétrico Tohatsu Zenith Oceanic 113HP,3.0
2024-01-17,94.0,Motor de Popa Volvo Magnum 276HP,2.0
2024-01-17,96.0,Motor de Popa Tohatsu Boost Swift 126HP,10.0
2024-01-17,99.0,Motor Elétrico Honda Flux Ultra 273HP,13.0
2024-01-17,101.0,Cabo de Nylon Delta Vortex,14.0
2024-01-17,105.0,Cabo de Nylon Danforth Prime,4.0
2024-01-17,106.0,Âncora Danforth Nitro Titan Vox,12.0
2024-01-17,108.0,Boia de Arqueamento Bruce Titan,8.0
2024-01-17,114.0,Boia de Arqueamento Danforth Tidal Zen Swift,8.0
2024-01-17,115.0,Cabo de Nylon Delta Force Magnum Leviathan,15.0
2024-01-17,116.0,Cabo de Nylon Delta Velocity Oceanic Abyss,1.0
2024-01-17,119.0,Âncora Bruce Aqua,14.0
2024-01-17,121.0,Âncora Danforth Oceanic Helix Flux,7.0
2024-01-17,123.0,Cabo de Nylon Danforth Orca Aero,7.0
2024-01-17,124.0,Corrente Delta Axis,3.0
2024-01-17,127.0,Cabo de Nylon Delta Velocity Core Mako,2.0
2024-01-17,128.0,Boia de Arqueamento Bruce Marlin Hydra,7.0
2024-01-17,133.0,Âncora Bruce Core Pulse,9.0
2024-01-17,141.0,Boia de Arqueamento Bruce Nexus Abyss,15.0
2024-01-17,145.0,Boia de Arqueamento Delta Nexus,2.0
2024-01-17,148.0,Âncora Delta Force Barracuda Mako,12.0
2024-01-17,150.0,Cabo de Nylon Danforth Magnum Vox,28.0
2024-01-18,3.0,Radar Furuno Pulse Leviathan,10.0
2024-01-18,7.0,Radar AIS Zen,10.0
2024-01-18,10.0,Piloto Automático Simrad Titan Flux Magnum,10.0
2024-01-18,11.0,GPS Furuno Swift Leviathan Poseidon,19.0
2024-01-18,13.0,Radar Simrad Boost,3.0
2024-01-18,14.0,Rádio Furuno Zen Swift,3.0
2024-01-18,19.0,Sonda Lowrance Tidal Storm Vox,2.0
2024-01-18,24.0,GPS AIS Orca Marlin Velocity,8.0
2024-01-18,26.0,Piloto Automático Furuno Core Boost Flux,8.0
2024-01-18,34.0,Transponder AIS Helix Torque,5.0
2024-01-18,35.0,Radar Furuno Swift,13.0
2024-01-18,36.0,Radar Lowrance Aqua Pulse,11.0
2024-01-18,39.0,GPS Furuno Vector,10.0
2024-01-18,41.0,GPS Simrad Flow Pulse,6.0
2024-01-18,42.0,Transponder Lowrance Axis,14.0
2024-01-18,48.0,GPS Furuno Magnum Drift,22.0
2024-01-18,50.0,Piloto Automático Simrad Poseidon Magnum,10.0
2024-01-18,52.0,Motor Diesel Honda Zen Tidal Mako 26HP,1.0
2024-01-18,58.0,Motor de Popa Tohatsu Ion Core Nautic 53HP,15.0
2024-01-18,61.0,Motor Diesel Honda Prime 84HP,9.0
2024-01-18,64.0,Motor Elétrico Yamaha Swift Drift Current 265HP,5.0
2024-01-18,69.0,Motor de Popa Torqeedo Ultra Impulse 292HP,14.0
2024-01-18,72.0,Motor de Popa Volvo Hydro Dash 256HP,9.0
2024-01-18,74.0,Motor de Popa Honda Torque 228HP,8.0
2024-01-18,79.0,Motor Diesel Tohatsu Zenith 60HP,1.0
2024-01-18,81.0,Motor Elétrico Torqeedo Barracuda Magnum Helix 101HP,15.0
2024-01-18,86.0,Motor Diesel Volvo Helix Evo Force 144HP,6.0
2024-01-18,91.0,Motor Elétrico Tohatsu Zenith Oceanic 113HP,3.0
2024-01-18,94.0,Motor de Popa Volvo Magnum 276HP,2.0
2024-01-18,96.0,Motor de Popa Tohatsu Boost Swift 126HP,10.0
2024-01-18,99.0,Motor Elétrico Honda Flux Ultra 273HP,13.0
2024-01-18,101.0,Cabo de Nylon Delta Vortex,14.0
2024-01-18,105.0,Cabo de Nylon Danforth Prime,4.0
2024-01-18,106.0,Âncora Danforth Nitro Titan Vox,12.0
2024-01-18,108.0,Boia de Arqueamento Bruce Titan,8.0
2024-01-18,114.0,Boia de Arqueamento Danforth Tidal Zen Swift,8.0
2024-01-18,115.0,Cabo de Nylon Delta Force Magnum Leviathan,15.0
2024-01-18,116.0,Cabo de Nylon Delta Velocity Oceanic Abyss,1.0
2024-01-18,119.0,Âncora Bruce Aqua,14.0
2024-01-18,121.0,Âncora Danforth Oceanic Helix Flux,7.0
2024-01-18,123.0,Cabo de Nylon Danforth Orca Aero,7.0
2024-01-18,124.0,Corrente Delta Axis,3.0
2024-01-18,127.0,Cabo de Nylon Delta Velocity Core Mako,2.0
2024-01-18,128.0,Boia de Arqueamento Bruce Marlin Hydra,7.0
2024-01-18,133.0,Âncora Bruce Core Pulse,9.0
2024-01-18,141.0,Boia de Arqueamento Bruce Nexus Abyss,15.0
2024-01-18,145.0,Boia de Arqueamento Delta Nexus,2.0
2024-01-18,148.0,Âncora Delta Force Barracuda Mako,12.0
2024-01-18,150.0,Cabo de Nylon Danforth Magnum Vox,28.0
2024-01-19,3.0,Radar Furuno Pulse Leviathan,10.0
2024-01-19,7.0,Radar AIS Zen,10.0
2024-01-19,10.0,Piloto Automático Simrad Titan Flux Magnum,10.0
2024-01-19,11.0,GPS Furuno Swift Leviathan Poseidon,19.0
2024-01-19,13.0,Radar Simrad Boost,3.0
2024-01-19,14.0,Rádio Furuno Zen Swift,3.0
2024-01-19,19.0,Sonda Lowrance Tidal Storm Vox,2.0
2024-01-19,24.0,GPS AIS Orca Marlin Velocity,8.0
2024-01-19,26.0,Piloto Automático Furuno Core Boost Flux,8.0
2024-01-19,34.0,Transponder AIS Helix Torque,5.0
2024-01-19,35.0,Radar Furuno Swift,13.0
2024-01-19,36.0,Radar Lowrance Aqua Pulse,11.0
2024-01-19,39.0,GPS Furuno Vector,10.0
2024-01-19,41.0,GPS Simrad Flow Pulse,6.0
2024-01-19,42.0,Transponder Lowrance Axis,14.0
2024-01-19,48.0,GPS Furuno Magnum Drift,22.0
2024-01-19,50.0,Piloto Automático Simrad Poseidon Magnum,10.0
2024-01-19,52.0,Motor Diesel Honda Zen Tidal Mako 26HP,1.0
2024-01-19,58.0,Motor de Popa Tohatsu Ion Core Nautic 53HP,15.0
2024-01-19,61.0,Motor Diesel Honda Prime 84HP,9.0
2024-01-19,64.0,Motor Elétrico Yamaha Swift Drift Current 265HP,5.0
2024-01-19,69.0,Motor de Popa Torqeedo Ultra Impulse 292HP,14.0
2024-01-19,72.0,Motor de Popa Volvo Hydro Dash 256HP,9.0
2024-01-19,74.0,Motor de Popa Honda Torque 228HP,8.0
2024-01-19,79.0,Motor Diesel Tohatsu Zenith 60HP,1.0
2024-01-19,81.0,Motor Elétrico Torqeedo Barracuda Magnum Helix 101HP,15.0
2024-01-19,86.0,Motor Diesel Volvo Helix Evo Force 144HP,6.0
2024-01-19,91.0,Motor Elétrico Tohatsu Zenith Oceanic 113HP,3.0
2024-01-19,94.0,Motor de Popa Volvo Magnum 276HP,2.0
2024-01-19,96.0,Motor de Popa Tohatsu Boost Swift 126HP,10.0
2024-01-19,99.0,Motor Elétrico Honda Flux Ultra 273HP,13.0
2024-01-19,101.0,Cabo de Nylon Delta Vortex,14.0
2024-01-19,105.0,Cabo de Nylon Danforth Prime,4.0
2024-01-19,106.0,Âncora Danforth Nitro Titan Vox,12.0
2024-01-19,108.0,Boia de Arqueamento Bruce Titan,8.0
2024-01-19,114.0,Boia de Arqueamento Danforth Tidal Zen Swift,8.0
2024-01-19,115.0,Cabo de Nylon Delta Force Magnum Leviathan,15.0
2024-01-19,116.0,Cabo de Nylon Delta Velocity Oceanic Abyss,1.0
2024-01-19,119.0,Âncora Bruce Aqua,14.0
2024-01-19,121.0,Âncora Danforth Oceanic Helix Flux,7.0
2024-01-19,123.0,Cabo de Nylon Danforth Orca Aero,7.0
2024-01-19,124.0,Corrente Delta Axis,3.0
2024-01-19,127.0,Cabo de Nylon Delta Velocity Core Mako,2.0
2024-01-19,128.0,Boia de Arqueamento Bruce Marlin Hydra,7.0
2024-01-19,133.0,Âncora Bruce Core Pulse,9.0
2024-01-19,141.0,Boia de Arqueamento Bruce Nexus Abyss,15.0
2024-01-19,145.0,Boia de Arqueamento Delta Nexus,2.0
2024-01-19,148.0,Âncora Delta Force Barracuda Mako,12.0
2024-01-19,150.0,Cabo de Nylon Danforth Magnum Vox,28.0
2024-01-20,3.0,Radar Furuno Pulse Leviathan,10.0
2024-01-20,7.0,Radar AIS Zen,10.0
2024-01-20,10.0,Piloto Automático Simrad Titan Flux Magnum,10.0
2024-01-20,11.0,GPS Furuno Swift Leviathan Poseidon,19.0
2024-01-20,13.0,Radar Simrad Boost,3.0
2024-01-20,14.0,Rádio Furuno Zen Swift,3.0
2024-01-20,19.0,Sonda Lowrance Tidal Storm Vox,2.0
2024-01-20,24.0,GPS AIS Orca Marlin Velocity,8.0
2024-01-20,26.0,Piloto Automático Furuno Core Boost Flux,8.0
2024-01-20,34.0,Transponder AIS Helix Torque,5.0
2024-01-20,35.0,Radar Furuno Swift,13.0
2024-01-20,36.0,Radar Lowrance Aqua Pulse,11.0
2024-01-20,39.0,GPS Furuno Vector,10.0
2024-01-20,41.0,GPS Simrad Flow Pulse,6.0
2024-01-20,42.0,Transponder Lowrance Axis,14.0
2024-01-20,48.0,GPS Furuno Magnum Drift,22.0
2024-01-20,50.0,Piloto Automático Simrad Poseidon Magnum,10.0
2024-01-20,52.0,Motor Diesel Honda Zen Tidal Mako 26HP,1.0
2024-01-20,58.0,Motor de Popa Tohatsu Ion Core Nautic 53HP,15.0
2024-01-20,61.0,Motor Diesel Honda Prime 84HP,9.0
2024-01-20,64.0,Motor Elétrico Yamaha Swift Drift Current 265HP,5.0
2024-01-20,69.0,Motor de Popa Torqeedo Ultra Impulse 292HP,14.0
2024-01-20,72.0,Motor de Popa Volvo Hydro Dash 256HP,9.0
2024-01-20,74.0,Motor de Popa Honda Torque 228HP,8.0
2024-01-20,79.0,Motor Diesel Tohatsu Zenith 60HP,1.0
2024-01-20,81.0,Motor Elétrico Torqeedo Barracuda Magnum Helix 101HP,15.0
2024-01-20,86.0,Motor Diesel Volvo Helix Evo Force 144HP,6.0
2024-01-20,91.0,Motor Elétrico Tohatsu Zenith Oceanic 113HP,3.0
2024-01-20,94.0,Motor de Popa Volvo Magnum 276HP,2.0
2024-01-20,96.0,Motor de Popa Tohatsu Boost Swift 126HP,10.0
2024-01-20,99.0,Motor Elétrico Honda Flux Ultra 273HP,13.0
2024-01-20,101.0,Cabo de Nylon Delta Vortex,14.0
2024-01-20,105.0,Cabo de Nylon Danforth Prime,4.0
2024-01-20,106.0,Âncora Danforth Nitro Titan Vox,12.0
2024-01-20,108.0,Boia de Arqueamento Bruce Titan,8.0
2024-01-20,114.0,Boia de Arqueamento Danforth Tidal Zen Swift,8.0
2024-01-20,115.0,Cabo de Nylon Delta Force Magnum Leviathan,15.0
2024-01-20,116.0,Cabo de Nylon Delta Velocity Oceanic Abyss,1.0
2024-01-20,119.0,Âncora Bruce Aqua,14.0
2024-01-20,121.0,Âncora Danforth Oceanic Helix Flux,7.0
2024-01-20,123.0,Cabo de Nylon Danforth Orca Aero,7.0
2024-01-20,124.0,Corrente Delta Axis,3.0
2024-01-20,127.0,Cabo de Nylon Delta Velocity Core Mako,2.0
2024-01-20,128.0,Boia de Arqueamento Bruce Marlin Hydra,7.0
2024-01-20,133.0,Âncora Bruce Core Pulse,9.0
2024-01-20,141.0,Boia de Arqueamento Bruce Nexus Abyss,15.0
2024-01-20,145.0,Boia de Arqueamento Delta Nexus,2.0
2024-01-20,148.0,Âncora Delta Force Barracuda Mako,12.0
2024-01-20,150.0,Cabo de Nylon Danforth Magnum Vox,28.0
2024-01-21,3.0,Radar Furuno Pulse Leviathan,10.0
2024-01-21,7.0,Radar AIS Zen,10.0
2024-01-21,10.0,Piloto Automático Simrad Titan Flux Magnum,10.0
2024-01-21,11.0,GPS Furuno Swift Leviathan Poseidon,19.0
2024-01-21,13.0,Radar Simrad Boost,3.0
2024-01-21,14.0,Rádio Furuno Zen Swift,3.0
2024-01-21,19.0,Sonda Lowrance Tidal Storm Vox,2.0
2024-01-21,24.0,GPS AIS Orca Marlin Velocity,8.0
2024-01-21,26.0,Piloto Automático Furuno Core Boost Flux,8.0
2024-01-21,34.0,Transponder AIS Helix Torque,5.0
2024-01-21,35.0,Radar Furuno Swift,13.0
2024-01-21,36.0,Radar Lowrance Aqua Pulse,11.0
2024-01-21,39.0,GPS Furuno Vector,10.0
2024-01-21,41.0,GPS Simrad Flow Pulse,6.0
2024-01-21,42.0,Transponder Lowrance Axis,14.0
2024-01-21,48.0,GPS Furuno Magnum Drift,22.0
2024-01-21,50.0,Piloto Automático Simrad Poseidon Magnum,10.0
2024-01-21,52.0,Motor Diesel Honda Zen Tidal Mako 26HP,1.0
2024-01-21,58.0,Motor de Popa Tohatsu Ion Core Nautic 53HP,15.0
2024-01-21,61.0,Motor Diesel Honda Prime 84HP,9.0
2024-01-21,64.0,Motor Elétrico Yamaha Swift Drift Current 265HP,5.0
2024-01-21,69.0,Motor de Popa Torqeedo Ultra Impulse 292HP,14.0
2024-01-21,72.0,Motor de Popa Volvo Hydro Dash 256HP,9.0
2024-01-21,74.0,Motor de Popa Honda Torque 228HP,8.0
2024-01-21,79.0,Motor Diesel Tohatsu Zenith 60HP,1.0
2024-01-21,81.0,Motor Elétrico Torqeedo Barracuda Magnum Helix 101HP,15.0
2024-01-21,86.0,Motor Diesel Volvo Helix Evo Force 144HP,6.0
2024-01-21,91.0,Motor Elétrico Tohatsu Zenith Oceanic 113HP,3.0
2024-01-21,94.0,Motor de Popa Volvo Magnum 276HP,2.0
2024-01-21,96.0,Motor de Popa Tohatsu Boost Swift 126HP,10.0
2024-01-21,99.0,Motor Elétrico Honda Flux Ultra 273HP,13.0
2024-01-21,101.0,Cabo de Nylon Delta Vortex,14.0
2024-01-21,105.0,Cabo de Nylon Danforth Prime,4.0
2024-01-21,106.0,Âncora Danforth Nitro Titan Vox,12.0
2024-01-21,108.0,Boia de Arqueamento Bruce Titan,8.0
2024-01-21,114.0,Boia de Arqueamento Danforth Tidal Zen Swift,8.0
2024-01-21,115.0,Cabo de Nylon Delta Force Magnum Leviathan,15.0
2024-01-21,116.0,Cabo de Nylon Delta Velocity Oceanic Abyss,1.0
2024-01-21,119.0,Âncora Bruce Aqua,14.0
2024-01-21,121.0,Âncora Danforth Oceanic Helix Flux,7.0
2024-01-21,123.0,Cabo de Nylon Danforth Orca Aero,7.0
2024-01-21,124.0,Corrente Delta Axis,3.0
2024-01-21,127.0,Cabo de Nylon Delta Velocity Core Mako,2.0
2024-01-21,128.0,Boia de Arqueamento Bruce Marlin Hydra,7.0
2024-01-21,133.0,Âncora Bruce Core Pulse,9.0
2024-01-21,141.0,Boia de Arqueamento Bruce Nexus Abyss,15.0
2024-01-21,145.0,Boia de Arqueamento Delta Nexus,2.0
2024-01-21,148.0,Âncora Delta Force Barracuda Mako,12.0
2024-01-21,150.0,Cabo de Nylon Danforth Magnum Vox,28.0
2024-01-22,3.0,Radar Furuno Pulse Leviathan,10.0
2024-01-22,7.0,Radar AIS Zen,10.0
2024-01-22,10.0,Piloto Automático Simrad Titan Flux Magnum,10.0
2024-01-22,11.0,GPS Furuno Swift Leviathan Poseidon,19.0
2024-01-22,13.0,Radar Simrad Boost,3.0
2024-01-22,14.0,Rádio Furuno Zen Swift,3.0
2024-01-22,19.0,Sonda Lowrance Tidal Storm Vox,2.0
2024-01-22,24.0,GPS AIS Orca Marlin Velocity,8.0
2024-01-22,26.0,Piloto Automático Furuno Core Boost Flux,8.0
2024-01-22,34.0,Transponder AIS Helix Torque,5.0
2024-01-22,35.0,Radar Furuno Swift,13.0
2024-01-22,36.0,Radar Lowrance Aqua Pulse,11.0
2024-01-22,39.0,GPS Furuno Vector,10.0
2024-01-22,41.0,GPS Simrad Flow Pulse,6.0
2024-01-22,42.0,Transponder Lowrance Axis,14.0
2024-01-22,48.0,GPS Furuno Magnum Drift,22.0
2024-01-22,50.0,Piloto Automático Simrad Poseidon Magnum,10.0
2024-01-22,52.0,Motor Diesel Honda Zen Tidal Mako 26HP,1.0
2024-01-22,58.0,Motor de Popa Tohatsu Ion Core Nautic 53HP,15.0
2024-01-22,61.0,Motor Diesel Honda Prime 84HP,9.0
2024-01-22,64.0,Motor Elétrico Yamaha Swift Drift Current 265HP,5.0
2024-01-22,69.0,Motor de Popa Torqeedo Ultra Impulse 292HP,14.0
2024-01-22,72.0,Motor de Popa Volvo Hydro Dash 256HP,9.0
2024-01-22,74.0,Motor de Popa Honda Torque 228HP,8.0
2024-01-22,79.0,Motor Diesel Tohatsu Zenith 60HP,1.0
2024-01-22,81.0,Motor Elétrico Torqeedo Barracuda Magnum Helix 101HP,15.0
2024-01-22,86.0,Motor Diesel Volvo Helix Evo Force 144HP,6.0
2024-01-22,91.0,Motor Elétrico Tohatsu Zenith Oceanic 113HP,3.0
2024-01-22,94.0,Motor de Popa Volvo Magnum 276HP,2.0
2024-01-22,96.0,Motor de Popa Tohatsu Boost Swift 126HP,10.0
2024-01-22,99.0,Motor Elétrico Honda Flux Ultra 273HP,13.0
2024-01-22,101.0,Cabo de Nylon Delta Vortex,14.0
2024-01-22,105.0,Cabo de Nylon Danforth Prime,4.0
2024-01-22,106.0,Âncora Danforth Nitro Titan Vox,12.0
2024-01-22,108.0,Boia de Arqueamento Bruce Titan,8.0
2024-01-22,114.0,Boia de Arqueamento Danforth Tidal Zen Swift,8.0
2024-01-22,115.0,Cabo de Nylon Delta Force Magnum Leviathan,15.0
2024-01-22,116.0,Cabo de Nylon Delta Velocity Oceanic Abyss,1.0
2024-01-22,119.0,Âncora Bruce Aqua,14.0
2024-01-22,121.0,Âncora Danforth Oceanic Helix Flux,7.0
2024-01-22,123.0,Cabo de Nylon Danforth Orca Aero,7.0
2024-01-22,124.0,Corrente Delta Axis,3.0
2024-01-22,127.0,Cabo de Nylon Delta Velocity Core Mako,2.0
2024-01-22,128.0,Boia de Arqueamento Bruce Marlin Hydra,7.0
2024-01-22,133.0,Âncora Bruce Core Pulse,9.0
2024-01-22,141.0,Boia de Arqueamento Bruce Nexus Abyss,15.0
2024-01-22,145.0,Boia de Arqueamento Delta Nexus,2.0
2024-01-22,148.0,Âncora Delta Force Barracuda Mako,12.0
2024-01-22,150.0,Cabo de Nylon Danforth Magnum Vox,28.0
2024-01-23,3.0,Radar Furuno Pulse Leviathan,10.0
2024-01-23,7.0,Radar AIS Zen,10.0
2024-01-23,10.0,Piloto Automático Simrad Titan Flux Magnum,10.0
2024-01-23,11.0,GPS Furuno Swift Leviathan Poseidon,19.0
2024-01-23,13.0,Radar Simrad Boost,3.0
2024-01-23,14.0,Rádio Furuno Zen Swift,3.0
2024-01-23,19.0,Sonda Lowrance Tidal Storm Vox,2.0
2024-01-23,24.0,GPS AIS Orca Marlin Velocity,8.0
2024-01-23,26.0,Piloto Automático Furuno Core Boost Flux,8.0
2024-01-23,34.0,Transponder AIS Helix Torque,5.0
2024-01-23,35.0,Radar Furuno Swift,13.0
2024-01-23,36.0,Radar Lowrance Aqua Pulse,11.0
2024-01-23,39.0,GPS Furuno Vector,10.0
2024-01-23,41.0,GPS Simrad Flow Pulse,6.0
2024-01-23,42.0,Transponder Lowrance Axis,14.0
2024-01-23,48.0,GPS Furuno Magnum Drift,22.0
2024-01-23,50.0,Piloto Automático Simrad Poseidon Magnum,10.0
2024-01-23,52.0,Motor Diesel Honda Zen Tidal Mako 26HP,1.0
2024-01-23,58.0,Motor de Popa Tohatsu Ion Core Nautic 53HP,15.0
2024-01-23,61.0,Motor Diesel Honda Prime 84HP,9.0
2024-01-23,64.0,Motor Elétrico Yamaha Swift Drift Current 265HP,5.0
2024-01-23,69.0,Motor de Popa Torqeedo Ultra Impulse 292HP,14.0
2024-01-23,72.0,Motor de Popa Volvo Hydro Dash 256HP,9.0
2024-01-23,74.0,Motor de Popa Honda Torque 228HP,8.0
2024-01-23,79.0,Motor Diesel Tohatsu Zenith 60HP,1.0
2024-01-23,81.0,Motor Elétrico Torqeedo Barracuda Magnum Helix 101HP,15.0
2024-01-23,86.0,Motor Diesel Volvo Helix Evo Force 144HP,6.0
2024-01-23,91.0,Motor Elétrico Tohatsu Zenith Oceanic 113HP,3.0
2024-01-23,94.0,Motor de Popa Volvo Magnum 276HP,2.0
2024-01-23,96.0,Motor de Popa Tohatsu Boost Swift 126HP,10.0
2024-01-23,99.0,Motor Elétrico Honda Flux Ultra 273HP,13.0
2024-01-23,101.0,Cabo de Nylon Delta Vortex,14.0
2024-01-23,105.0,Cabo de Nylon Danforth Prime,4.0
2024-01-23,106.0,Âncora Danforth Nitro Titan Vox,12.0
2024-01-23,108.0,Boia de Arqueamento Bruce Titan,8.0
2024-01-23,114.0,Boia de Arqueamento Danforth Tidal Zen Swift,8.0
2024-01-23,115.0,Cabo de Nylon Delta Force Magnum Leviathan,15.0
2024-01-23,116.0,Cabo de Nylon Delta Velocity Oceanic Abyss,1.0
2024-01-23,119.0,Âncora Bruce Aqua,14.0
2024-01-23,121.0,Âncora Danforth Oceanic Helix Flux,7.0
2024-01-23,123.0,Cabo de Nylon Danforth Orca Aero,7.0
2024-01-23,124.0,Corrente Delta Axis,3.0
2024-01-23,127.0,Cabo de Nylon Delta Velocity Core Mako,2.0
2024-01-23,128.0,Boia de Arqueamento Bruce Marlin Hydra,7.0
2024-01-23,133.0,Âncora Bruce Core Pulse,9.0
2024-01-23,141.0,Boia de Arqueamento Bruce Nexus Abyss,15.0
2024-01-23,145.0,Boia de Arqueamento Delta Nexus,2.0
2024-01-23,148.0,Âncora Delta Force Barracuda Mako,12.0
2024-01-23,150.0,Cabo de Nylon Danforth Magnum Vox,28.0
2024-01-24,3.0,Radar Furuno Pulse Leviathan,10.0
2024-01-24,7.0,Radar AIS Zen,10.0
2024-01-24,10.0,Piloto Automático Simrad Titan Flux Magnum,10.0
2024-01-24,11.0,GPS Furuno Swift Leviathan Poseidon,19.0
2024-01-24,13.0,Radar Simrad Boost,3.0
2024-01-24,14.0,Rádio Furuno Zen Swift,3.0
2024-01-24,19.0,Sonda Lowrance Tidal Storm Vox,2.0
2024-01-24,24.0,GPS AIS Orca Marlin Velocity,8.0
2024-01-24,26.0,Piloto Automático Furuno Core Boost Flux,8.0
2024-01-24,34.0,Transponder AIS Helix Torque,5.0
2024-01-24,35.0,Radar Furuno Swift,13.0
2024-01-24,36.0,Radar Lowrance Aqua Pulse,11.0
2024-01-24,39.0,GPS Furuno Vector,10.0
2024-01-24,41.0,GPS Simrad Flow Pulse,6.0
2024-01-24,42.0,Transponder Lowrance Axis,14.0
2024-01-24,48.0,GPS Furuno Magnum Drift,22.0
2024-01-24,50.0,Piloto Automático Simrad Poseidon Magnum,10.0
2024-01-24,52.0,Motor Diesel Honda Zen Tidal Mako 26HP,1.0
2024-01-24,58.0,Motor de Popa Tohatsu Ion Core Nautic 53HP,15.0
2024-01-24,61.0,Motor Diesel Honda Prime 84HP,9.0
2024-01-24,64.0,Motor Elétrico Yamaha Swift Drift Current 265HP,5.0
2024-01-24,69.0,Motor de Popa Torqeedo Ultra Impulse 292HP,14.0
2024-01-24,72.0,Motor de Popa Volvo Hydro Dash 256HP,9.0
2024-01-24,74.0,Motor de Popa Honda Torque 228HP,8.0
2024-01-24,79.0,Motor Diesel Tohatsu Zenith 60HP,1.0
2024-01-24,81.0,Motor Elétrico Torqeedo Barracuda Magnum Helix 101HP,15.0
2024-01-24,86.0,Motor Diesel Volvo Helix Evo Force 144HP,6.0
2024-01-24,91.0,Motor Elétrico Tohatsu Zenith Oceanic 113HP,3.0
2024-01-24,94.0,Motor de Popa Volvo Magnum 276HP,2.0
2024-01-24,96.0,Motor de Popa Tohatsu Boost Swift 126HP,10.0
2024-01-24,99.0,Motor Elétrico Honda Flux Ultra 273HP,13.0
2024-01-24,101.0,Cabo de Nylon Delta Vortex,14.0
2024-01-24,105.0,Cabo de Nylon Danforth Prime,4.0
2024-01-24,106.0,Âncora Danforth Nitro Titan Vox,12.0
2024-01-24,108.0,Boia de Arqueamento Bruce Titan,8.0
2024-01-24,114.0,Boia de Arqueamento Danforth Tidal Zen Swift,8.0
2024-01-24,115.0,Cabo de Nylon Delta Force Magnum Leviathan,15.0
2024-01-24,116.0,Cabo de Nylon Delta Velocity Oceanic Abyss,1.0
2024-01-24,119.0,Âncora Bruce Aqua,14.0
2024-01-24,121.0,Âncora Danforth Oceanic Helix Flux,7.0
2024-01-24,123.0,Cabo de Nylon Danforth Orca Aero,7.0
2024-01-24,124.0,Corrente Delta Axis,3.0
2024-01-24,127.0,Cabo de Nylon Delta Velocity Core Mako,2.0
2024-01-24,128.0,Boia de Arqueamento Bruce Marlin Hydra,7.0
2024-01-24,133.0,Âncora Bruce Core Pulse,9.0
2024-01-24,141.0,Boia de Arqueamento Bruce Nexus Abyss,15.0
2024-01-24,145.0,Boia de Arqueamento Delta Nexus,2.0
2024-01-24,148.0,Âncora Delta Force Barracuda Mako,12.0
2024-01-24,150.0,Cabo de Nylon Danforth Magnum Vox,28.0
2024-01-25,3.0,Radar Furuno Pulse Leviathan,10.0
2024-01-25,7.0,Radar AIS Zen,10.0
2024-01-25,10.0,Piloto Automático Simrad Titan Flux Magnum,10.0
2024-01-25,11.0,GPS Furuno Swift Leviathan Poseidon,19.0
2024-01-25,13.0,Radar Simrad Boost,3.0
2024-01-25,14.0,Rádio Furuno Zen Swift,3.0
2024-01-25,19.0,Sonda Lowrance Tidal Storm Vox,2.0
2024-01-25,24.0,GPS AIS Orca Marlin Velocity,8.0
2024-01-25,26.0,Piloto Automático Furuno Core Boost Flux,8.0
2024-01-25,34.0,Transponder AIS Helix Torque,5.0
2024-01-25,35.0,Radar Furuno Swift,13.0
2024-01-25,36.0,Radar Lowrance Aqua Pulse,11.0
2024-01-25,39.0,GPS Furuno Vector,10.0
2024-01-25,41.0,GPS Simrad Flow Pulse,6.0
2024-01-25,42.0,Transponder Lowrance Axis,14.0
2024-01-25,48.0,GPS Furuno Magnum Drift,22.0
2024-01-25,50.0,Piloto Automático Simrad Poseidon Magnum,10.0
2024-01-25,52.0,Motor Diesel Honda Zen Tidal Mako 26HP,1.0
2024-01-25,58.0,Motor de Popa Tohatsu Ion Core Nautic 53HP,15.0
2024-01-25,61.0,Motor Diesel Honda Prime 84HP,9.0
2024-01-25,64.0,Motor Elétrico Yamaha Swift Drift Current 265HP,5.0
2024-01-25,69.0,Motor de Popa Torqeedo Ultra Impulse 292HP,14.0
2024-01-25,72.0,Motor de Popa Volvo Hydro Dash 256HP,9.0
2024-01-25,74.0,Motor de Popa Honda Torque 228HP,8.0
2024-01-25,79.0,Motor Diesel Tohatsu Zenith 60HP,1.0
2024-01-25,81.0,Motor Elétrico Torqeedo Barracuda Magnum Helix 101HP,15.0
2024-01-25,86.0,Motor Diesel Volvo Helix Evo Force 144HP,6.0
2024-01-25,91.0,Motor Elétrico Tohatsu Zenith Oceanic 113HP,3.0
2024-01-25,94.0,Motor de Popa Volvo Magnum 276HP,2.0
2024-01-25,96.0,Motor de Popa Tohatsu Boost Swift 126HP,10.0
2024-01-25,99.0,Motor Elétrico Honda Flux Ultra 273HP,13.0
2024-01-25,101.0,Cabo de Nylon Delta Vortex,14.0
2024-01-25,105.0,Cabo de Nylon Danforth Prime,4.0
2024-01-25,106.0,Âncora Danforth Nitro Titan Vox,12.0
2024-01-25,108.0,Boia de Arqueamento Bruce Titan,8.0
2024-01-25,114.0,Boia de Arqueamento Danforth Tidal Zen Swift,8.0
2024-01-25,115.0,Cabo de Nylon Delta Force Magnum Leviathan,15.0
2024-01-25,116.0,Cabo de Nylon Delta Velocity Oceanic Abyss,1.0
2024-01-25,119.0,Âncora Bruce Aqua,14.0
2024-01-25,121.0,Âncora Danforth Oceanic Helix Flux,7.0
2024-01-25,123.0,Cabo de Nylon Danforth Orca Aero,7.0
2024-01-25,124.0,Corrente Delta Axis,3.0
2024-01-25,127.0,Cabo de Nylon Delta Velocity Core Mako,2.0
2024-01-25,128.0,Boia de Arqueamento Bruce Marlin Hydra,7.0
2024-01-25,133.0,Âncora Bruce Core Pulse,9.0
2024-01-25,141.0,Boia de Arqueamento Bruce Nexus Abyss,15.0
2024-01-25,145.0,Boia de Arqueamento Delta Nexus,2.0
2024-01-25,148.0,Âncora Delta Force Barracuda Mako,12.0
2024-01-25,150.0,Cabo de Nylon Danforth Magnum Vox,28.0
2024-01-26,3.0,Radar Furuno Pulse Leviathan,10.0
2024-01-26,7.0,Radar AIS Zen,10.0
2024-01-26,10.0,Piloto Automático Simrad Titan Flux Magnum,10.0
2024-01-26,11.0,GPS Furuno Swift Leviathan Poseidon,19.0
2024-01-26,13.0,Radar Simrad Boost,3.0
2024-01-26,14.0,Rádio Furuno Zen Swift,3.0
2024-01-26,19.0,Sonda Lowrance Tidal Storm Vox,2.0
2024-01-26,24.0,GPS AIS Orca Marlin Velocity,8.0
2024-01-26,26.0,Piloto Automático Furuno Core Boost Flux,8.0
2024-01-26,34.0,Transponder AIS Helix Torque,5.0
2024-01-26,35.0,Radar Furuno Swift,13.0
2024-01-26,36.0,Radar Lowrance Aqua Pulse,11.0
2024-01-26,39.0,GPS Furuno Vector,10.0
2024-01-26,41.0,GPS Simrad Flow Pulse,6.0
2024-01-26,42.0,Transponder Lowrance Axis,14.0
2024-01-26,48.0,GPS Furuno Magnum Drift,22.0
2024-01-26,50.0,Piloto Automático Simrad Poseidon Magnum,10.0
2024-01-26,52.0,Motor Diesel Honda Zen Tidal Mako 26HP,1.0
2024-01-26,58.0,Motor de Popa Tohatsu Ion Core Nautic 53HP,15.0
2024-01-26,61.0,Motor Diesel Honda Prime 84HP,9.0
2024-01-26,64.0,Motor Elétrico Yamaha Swift Drift Current 265HP,5.0
2024-01-26,69.0,Motor de Popa Torqeedo Ultra Impulse 292HP,14.0
2024-01-26,72.0,Motor de Popa Volvo Hydro Dash 256HP,9.0
2024-01-26,74.0,Motor de Popa Honda Torque 228HP,8.0
2024-01-26,79.0,Motor Diesel Tohatsu Zenith 60HP,1.0
2024-01-26,81.0,Motor Elétrico Torqeedo Barracuda Magnum Helix 101HP,15.0
2024-01-26,86.0,Motor Diesel Volvo Helix Evo Force 144HP,6.0
2024-01-26,91.0,Motor Elétrico Tohatsu Zenith Oceanic 113HP,3.0
2024-01-26,94.0,Motor de Popa Volvo Magnum 276HP,2.0
2024-01-26,96.0,Motor de Popa Tohatsu Boost Swift 126HP,10.0
2024-01-26,99.0,Motor Elétrico Honda Flux Ultra 273HP,13.0
2024-01-26,101.0,Cabo de Nylon Delta Vortex,14.0
2024-01-26,105.0,Cabo de Nylon Danforth Prime,4.0
2024-01-26,106.0,Âncora Danforth Nitro Titan Vox,12.0
2024-01-26,108.0,Boia de Arqueamento Bruce Titan,8.0
2024-01-26,114.0,Boia de Arqueamento Danforth Tidal Zen Swift,8.0
2024-01-26,115.0,Cabo de Nylon Delta Force Magnum Leviathan,15.0
2024-01-26,116.0,Cabo de Nylon Delta Velocity Oceanic Abyss,1.0
2024-01-26,119.0,Âncora Bruce Aqua,14.0
2024-01-26,121.0,Âncora Danforth Oceanic Helix Flux,7.0
2024-01-26,123.0,Cabo de Nylon Danforth Orca Aero,7.0
2024-01-26,124.0,Corrente Delta Axis,3.0
2024-01-26,127.0,Cabo de Nylon Delta Velocity Core Mako,2.0
2024-01-26,128.0,Boia de Arqueamento Bruce Marlin Hydra,7.0
2024-01-26,133.0,Âncora Bruce Core Pulse,9.0
2024-01-26,141.0,Boia de Arqueamento Bruce Nexus Abyss,15.0
2024-01-26,145.0,Boia de Arqueamento Delta Nexus,2.0
2024-01-26,148.0,Âncora Delta Force Barracuda Mako,12.0
2024-01-26,150.0,Cabo de Nylon Danforth Magnum Vox,28.0
2024-01-27,3.0,Radar Furuno Pulse Leviathan,10.0
2024-01-27,7.0,Radar AIS Zen,10.0
2024-01-27,10.0,Piloto Automático Simrad Titan Flux Magnum,10.0
2024-01-27,11.0,GPS Furuno Swift Leviathan Poseidon,19.0
2024-01-27,13.0,Radar Simrad Boost,3.0
2024-01-27,14.0,Rádio Furuno Zen Swift,3.0
2024-01-27,19.0,Sonda Lowrance Tidal Storm Vox,2.0
2024-01-27,24.0,GPS AIS Orca Marlin Velocity,8.0
2024-01-27,26.0,Piloto Automático Furuno Core Boost Flux,8.0
2024-01-27,34.0,Transponder AIS Helix Torque,5.0
2024-01-27,35.0,Radar Furuno Swift,13.0
2024-01-27,36.0,Radar Lowrance Aqua Pulse,11.0
2024-01-27,39.0,GPS Furuno Vector,10.0
2024-01-27,41.0,GPS Simrad Flow Pulse,6.0
2024-01-27,42.0,Transponder Lowrance Axis,14.0
2024-01-27,48.0,GPS Furuno Magnum Drift,22.0
2024-01-27,50.0,Piloto Automático Simrad Poseidon Magnum,10.0
2024-01-27,52.0,Motor Diesel Honda Zen Tidal Mako 26HP,1.0
2024-01-27,58.0,Motor de Popa Tohatsu Ion Core Nautic 53HP,15.0
2024-01-27,61.0,Motor Diesel Honda Prime 84HP,9.0
2024-01-27,64.0,Motor Elétrico Yamaha Swift Drift Current 265HP,5.0
2024-01-27,69.0,Motor de Popa Torqeedo Ultra Impulse 292HP,14.0
2024-01-27,72.0,Motor de Popa Volvo Hydro Dash 256HP,9.0
2024-01-27,74.0,Motor de Popa Honda Torque 228HP,8.0
2024-01-27,79.0,Motor Diesel Tohatsu Zenith 60HP,1.0
2024-01-27,81.0,Motor Elétrico Torqeedo Barracuda Magnum Helix 101HP,15.0
2024-01-27,86.0,Motor Diesel Volvo Helix Evo Force 144HP,6.0
2024-01-27,91.0,Motor Elétrico Tohatsu Zenith Oceanic 113HP,3.0
2024-01-27,94.0,Motor de Popa Volvo Magnum 276HP,2.0
2024-01-27,96.0,Motor de Popa Tohatsu Boost Swift 126HP,10.0
2024-01-27,99.0,Motor Elétrico Honda Flux Ultra 273HP,13.0
2024-01-27,101.0,Cabo de Nylon Delta Vortex,14.0
2024-01-27,105.0,Cabo de Nylon Danforth Prime,4.0
2024-01-27,106.0,Âncora Danforth Nitro Titan Vox,12.0
2024-01-27,108.0,Boia de Arqueamento Bruce Titan,8.0
2024-01-27,114.0,Boia de Arqueamento Danforth Tidal Zen Swift,8.0
2024-01-27,115.0,Cabo de Nylon Delta Force Magnum Leviathan,15.0
2024-01-27,116.0,Cabo de Nylon Delta Velocity Oceanic Abyss,1.0
2024-01-27,119.0,Âncora Bruce Aqua,14.0
2024-01-27,121.0,Âncora Danforth Oceanic Helix Flux,7.0
2024-01-27,123.0,Cabo de Nylon Danforth Orca Aero,7.0
2024-01-27,124.0,Corrente Delta Axis,3.0
2024-01-27,127.0,Cabo de Nylon Delta Velocity Core Mako,2.0
2024-01-27,128.0,Boia de Arqueamento Bruce Marlin Hydra,7.0
2024-01-27,133.0,Âncora Bruce Core Pulse,9.0
2024-01-27,141.0,Boia de Arqueamento Bruce Nexus Abyss,15.0
2024-01-27,145.0,Boia de Arqueamento Delta Nexus,2.0
2024-01-27,148.0,Âncora Delta Force Barracuda Mako,12.0
2024-01-27,150.0,Cabo de Nylon Danforth Magnum Vox,28.0
2024-01-28,3.0,Radar Furuno Pulse Leviathan,10.0
2024-01-28,7.0,Radar AIS Zen,10.0
2024-01-28,10.0,Piloto Automático Simrad Titan Flux Magnum,10.0
2024-01-28,11.0,GPS Furuno Swift Leviathan Poseidon,19.0
2024-01-28,13.0,Radar Simrad Boost,3.0
2024-01-28,14.0,Rádio Furuno Zen Swift,3.0
2024-01-28,19.0,Sonda Lowrance Tidal Storm Vox,2.0
2024-01-28,24.0,GPS AIS Orca Marlin Velocity,8.0
2024-01-28,26.0,Piloto Automático Furuno Core Boost Flux,8.0
2024-01-28,34.0,Transponder AIS Helix Torque,5.0
2024-01-28,35.0,Radar Furuno Swift,13.0
2024-01-28,36.0,Radar Lowrance Aqua Pulse,11.0
2024-01-28,39.0,GPS Furuno Vector,10.0
2024-01-28,41.0,GPS Simrad Flow Pulse,6.0
2024-01-28,42.0,Transponder Lowrance Axis,14.0
2024-01-28,48.0,GPS Furuno Magnum Drift,22.0
2024-01-28,50.0,Piloto Automático Simrad Poseidon Magnum,10.0
2024-01-28,52.0,Motor Diesel Honda Zen Tidal Mako 26HP,1.0
2024-01-28,58.0,Motor de Popa Tohatsu Ion Core Nautic 53HP,15.0
2024-01-28,61.0,Motor Diesel Honda Prime 84HP,9.0
2024-01-28,64.0,Motor Elétrico Yamaha Swift Drift Current 265HP,5.0
2024-01-28,69.0,Motor de Popa Torqeedo Ultra Impulse 292HP,14.0
2024-01-28,72.0,Motor de Popa Volvo Hydro Dash 256HP,9.0
2024-01-28,74.0,Motor de Popa Honda Torque 228HP,8.0
2024-01-28,79.0,Motor Diesel Tohatsu Zenith 60HP,1.0
2024-01-28,81.0,Motor Elétrico Torqeedo Barracuda Magnum Helix 101HP,15.0
2024-01-28,86.0,Motor Diesel Volvo Helix Evo Force 144HP,6.0
2024-01-28,91.0,Motor Elétrico Tohatsu Zenith Oceanic 113HP,3.0
2024-01-28,94.0,Motor de Popa Volvo Magnum 276HP,2.0
2024-01-28,96.0,Motor de Popa Tohatsu Boost Swift 126HP,10.0
2024-01-28,99.0,Motor Elétrico Honda Flux Ultra 273HP,13.0
2024-01-28,101.0,Cabo de Nylon Delta Vortex,14.0
2024-01-28,105.0,Cabo de Nylon Danforth Prime,4.0
2024-01-28,106.0,Âncora Danforth Nitro Titan Vox,12.0
2024-01-28,108.0,Boia de Arqueamento Bruce Titan,8.0
2024-01-28,114.0,Boia de Arqueamento Danforth Tidal Zen Swift,8.0
2024-01-28,115.0,Cabo de Nylon Delta Force Magnum Leviathan,15.0
2024-01-28,116.0,Cabo de Nylon Delta Velocity Oceanic Abyss,1.0
2024-01-28,119.0,Âncora Bruce Aqua,14.0
2024-01-28,121.0,Âncora Danforth Oceanic Helix Flux,7.0
2024-01-28,123.0,Cabo de Nylon Danforth Orca Aero,7.0
2024-01-28,124.0,Corrente Delta Axis,3.0
2024-01-28,127.0,Cabo de Nylon Delta Velocity Core Mako,2.0
2024-01-28,128.0,Boia de Arqueamento Bruce Marlin Hydra,7.0
2024-01-28,133.0,Âncora Bruce Core Pulse,9.0
2024-01-28,141.0,Boia de Arqueamento Bruce Nexus Abyss,15.0
2024-01-28,145.0,Boia de Arqueamento Delta Nexus,2.0
2024-01-28,148.0,Âncora Delta Force Barracuda Mako,12.0
2024-01-28,150.0,Cabo de Nylon Danforth Magnum Vox,28.0
2024-01-29,3.0,Radar Furuno Pulse Leviathan,10.0
2024-01-29,7.0,Radar AIS Zen,10.0
2024-01-29,10.0,Piloto Automático Simrad Titan Flux Magnum,10.0
2024-01-29,11.0,GPS Furuno Swift Leviathan Poseidon,19.0
2024-01-29,13.0,Radar Simrad Boost,3.0
2024-01-29,14.0,Rádio Furuno Zen Swift,3.0
2024-01-29,19.0,Sonda Lowrance Tidal Storm Vox,2.0
2024-01-29,24.0,GPS AIS Orca Marlin Velocity,8.0
2024-01-29,26.0,Piloto Automático Furuno Core Boost Flux,8.0
2024-01-29,34.0,Transponder AIS Helix Torque,5.0
2024-01-29,35.0,Radar Furuno Swift,13.0
2024-01-29,36.0,Radar Lowrance Aqua Pulse,11.0
2024-01-29,39.0,GPS Furuno Vector,10.0
2024-01-29,41.0,GPS Simrad Flow Pulse,6.0
2024-01-29,42.0,Transponder Lowrance Axis,14.0
2024-01-29,48.0,GPS Furuno Magnum Drift,22.0
2024-01-29,50.0,Piloto Automático Simrad Poseidon Magnum,10.0
2024-01-29,52.0,Motor Diesel Honda Zen Tidal Mako 26HP,1.0
2024-01-29,58.0,Motor de Popa Tohatsu Ion Core Nautic 53HP,15.0
2024-01-29,61.0,Motor Diesel Honda Prime 84HP,9.0
2024-01-29,64.0,Motor Elétrico Yamaha Swift Drift Current 265HP,5.0
2024-01-29,69.0,Motor de Popa Torqeedo Ultra Impulse 292HP,14.0
2024-01-29,72.0,Motor de Popa Volvo Hydro Dash 256HP,9.0
2024-01-29,74.0,Motor de Popa Honda Torque 228HP,8.0
2024-01-29,79.0,Motor Diesel Tohatsu Zenith 60HP,1.0
2024-01-29,81.0,Motor Elétrico Torqeedo Barracuda Magnum Helix 101HP,15.0
2024-01-29,86.0,Motor Diesel Volvo Helix Evo Force 144HP,6.0
2024-01-29,91.0,Motor Elétrico Tohatsu Zenith Oceanic 113HP,3.0
2024-01-29,94.0,Motor de Popa Volvo Magnum 276HP,2.0
2024-01-29,96.0,Motor de Popa Tohatsu Boost Swift 126HP,10.0
2024-01-29,99.0,Motor Elétrico Honda Flux Ultra 273HP,13.0
2024-01-29,101.0,Cabo de Nylon Delta Vortex,14.0
2024-01-29,105.0,Cabo de Nylon Danforth Prime,4.0
2024-01-29,106.0,Âncora Danforth Nitro Titan Vox,12.0
2024-01-29,108.0,Boia de Arqueamento Bruce Titan,8.0
2024-01-29,114.0,Boia de Arqueamento Danforth Tidal Zen Swift,8.0
2024-01-29,115.0,Cabo de Nylon Delta Force Magnum Leviathan,15.0
2024-01-29,116.0,Cabo de Nylon Delta Velocity Oceanic Abyss,1.0
2024-01-29,119.0,Âncora Bruce Aqua,14.0
2024-01-29,121.0,Âncora Danforth Oceanic Helix Flux,7.0
2024-01-29,123.0,Cabo de Nylon Danforth Orca Aero,7.0
2024-01-29,124.0,Corrente Delta Axis,3.0
2024-01-29,127.0,Cabo de Nylon Delta Velocity Core Mako,2.0
2024-01-29,128.0,Boia de Arqueamento Bruce Marlin Hydra,7.0
2024-01-29,133.0,Âncora Bruce Core Pulse,9.0
2024-01-29,141.0,Boia de Arqueamento Bruce Nexus Abyss,15.0
2024-01-29,145.0,Boia de Arqueamento Delta Nexus,2.0
2024-01-29,148.0,Âncora Delta Force Barracuda Mako,12.0
2024-01-29,150.0,Cabo de Nylon Danforth Magnum Vox,28.0
2024-01-30,3.0,Radar Furuno Pulse Leviathan,10.0
2024-01-30,7.0,Radar AIS Zen,10.0
2024-01-30,10.0,Piloto Automático Simrad Titan Flux Magnum,10.0
2024-01-30,11.0,GPS Furuno Swift Leviathan Poseidon,19.0
2024-01-30,13.0,Radar Simrad Boost,3.0
2024-01-30,14.0,Rádio Furuno Zen Swift,3.0
2024-01-30,19.0,Sonda Lowrance Tidal Storm Vox,2.0
2024-01-30,24.0,GPS AIS Orca Marlin Velocity,8.0
2024-01-30,26.0,Piloto Automático Furuno Core Boost Flux,8.0
2024-01-30,34.0,Transponder AIS Helix Torque,5.0
2024-01-30,35.0,Radar Furuno Swift,13.0
2024-01-30,36.0,Radar Lowrance Aqua Pulse,11.0
2024-01-30,39.0,GPS Furuno Vector,10.0
2024-01-30,41.0,GPS Simrad Flow Pulse,6.0
2024-01-30,42.0,Transponder Lowrance Axis,14.0
2024-01-30,48.0,GPS Furuno Magnum Drift,22.0
2024-01-30,50.0,Piloto Automático Simrad Poseidon Magnum,10.0
2024-01-30,52.0,Motor Diesel Honda Zen Tidal Mako 26HP,1.0
2024-01-30,58.0,Motor de Popa Tohatsu Ion Core Nautic 53HP,15.0
2024-01-30,61.0,Motor Diesel Honda Prime 84HP,9.0
2024-01-30,64.0,Motor Elétrico Yamaha Swift Drift Current 265HP,5.0
2024-01-30,69.0,Motor de Popa Torqeedo Ultra Impulse 292HP,14.0
2024-01-30,72.0,Motor de Popa Volvo Hydro Dash 256HP,9.0
2024-01-30,74.0,Motor de Popa Honda Torque 228HP,8.0
2024-01-30,79.0,Motor Diesel Tohatsu Zenith 60HP,1.0
2024-01-30,81.0,Motor Elétrico Torqeedo Barracuda Magnum Helix 101HP,15.0
2024-01-30,86.0,Motor Diesel Volvo Helix Evo Force 144HP,6.0
2024-01-30,91.0,Motor Elétrico Tohatsu Zenith Oceanic 113HP,3.0
2024-01-30,94.0,Motor de Popa Volvo Magnum 276HP,2.0
2024-01-30,96.0,Motor de Popa Tohatsu Boost Swift 126HP,10.0
2024-01-30,99.0,Motor Elétrico Honda Flux Ultra 273HP,13.0
2024-01-30,101.0,Cabo de Nylon Delta Vortex,14.0
2024-01-30,105.0,Cabo de Nylon Danforth Prime,4.0
2024-01-30,106.0,Âncora Danforth Nitro Titan Vox,12.0
2024-01-30,108.0,Boia de Arqueamento Bruce Titan,8.0
2024-01-30,114.0,Boia de Arqueamento Danforth Tidal Zen Swift,8.0
2024-01-30,115.0,Cabo de Nylon Delta Force Magnum Leviathan,15.0
2024-01-30,116.0,Cabo de Nylon Delta Velocity Oceanic Abyss,1.0
2024-01-30,119.0,Âncora Bruce Aqua,14.0
2024-01-30,121.0,Âncora Danforth Oceanic Helix Flux,7.0
2024-01-30,123.0,Cabo de Nylon Danforth Orca Aero,7.0
2024-01-30,124.0,Corrente Delta Axis,3.0
2024-01-30,127.0,Cabo de Nylon Delta Velocity Core Mako,2.0
2024-01-30,128.0,Boia de Arqueamento Bruce Marlin Hydra,7.0
2024-01-30,133.0,Âncora Bruce Core Pulse,9.0
2024-01-30,141.0,Boia de Arqueamento Bruce Nexus Abyss,15.0
2024-01-30,145.0,Boia de Arqueamento Delta Nexus,2.0
2024-01-30,148.0,Âncora Delta Force Barracuda Mako,12.0
2024-01-30,150.0,Cabo de Nylon Danforth Magnum Vox,28.0
2024-01-31,3.0,Radar Furuno Pulse Leviathan,10.0
2024-01-31,7.0,Radar AIS Zen,10.0
2024-01-31,10.0,Piloto Automático Simrad Titan Flux Magnum,10.0
2024-01-31,11.0,GPS Furuno Swift Leviathan Poseidon,19.0
2024-01-31,13.0,Radar Simrad Boost,3.0
2024-01-31,14.0,Rádio Furuno Zen Swift,3.0
2024-01-31,19.0,Sonda Lowrance Tidal Storm Vox,2.0
2024-01-31,24.0,GPS AIS Orca Marlin Velocity,8.0
2024-01-31,26.0,Piloto Automático Furuno Core Boost Flux,8.0
2024-01-31,34.0,Transponder AIS Helix Torque,5.0
2024-01-31,35.0,Radar Furuno Swift,13.0
2024-01-31,36.0,Radar Lowrance Aqua Pulse,11.0
2024-01-31,39.0,GPS Furuno Vector,10.0
2024-01-31,41.0,GPS Simrad Flow Pulse,6.0
2024-01-31,42.0,Transponder Lowrance Axis,14.0
2024-01-31,48.0,GPS Furuno Magnum Drift,22.0
2024-01-31,50.0,Piloto Automático Simrad Poseidon Magnum,10.0
2024-01-31,52.0,Motor Diesel Honda Zen Tidal Mako 26HP,1.0
2024-01-31,58.0,Motor de Popa Tohatsu Ion Core Nautic 53HP,15.0
2024-01-31,61.0,Motor Diesel Honda Prime 84HP,9.0
2024-01-31,64.0,Motor Elétrico Yamaha Swift Drift Current 265HP,5.0
2024-01-31,69.0,Motor de Popa Torqeedo Ultra Impulse 292HP,14.0
2024-01-31,72.0,Motor de Popa Volvo Hydro Dash 256HP,9.0
2024-01-31,74.0,Motor de Popa Honda Torque 228HP,8.0
2024-01-31,79.0,Motor Diesel Tohatsu Zenith 60HP,1.0
2024-01-31,81.0,Motor Elétrico Torqeedo Barracuda Magnum Helix 101HP,15.0
2024-01-31,86.0,Motor Diesel Volvo Helix Evo Force 144HP,6.0
2024-01-31,91.0,Motor Elétrico Tohatsu Zenith Oceanic 113HP,3.0
2024-01-31,94.0,Motor de Popa Volvo Magnum 276HP,2.0
2024-01-31,96.0,Motor de Popa Tohatsu Boost Swift 126HP,10.0
2024-01-31,99.0,Motor Elétrico Honda Flux Ultra 273HP,13.0
2024-01-31,101.0,Cabo de Nylon Delta Vortex,14.0
2024-01-31,105.0,Cabo de Nylon Danforth Prime,4.0
2024-01-31,106.0,Âncora Danforth Nitro Titan Vox,12.0
2024-01-31,108.0,Boia de Arqueamento Bruce Titan,8.0
2024-01-31,114.0,Boia de Arqueamento Danforth Tidal Zen Swift,8.0
2024-01-31,115.0,Cabo de Nylon Delta Force Magnum Leviathan,15.0
2024-01-31,116.0,Cabo de Nylon Delta Velocity Oceanic Abyss,1.0
2024-01-31,119.0,Âncora Bruce Aqua,14.0
2024-01-31,121.0,Âncora Danforth Oceanic Helix Flux,7.0
2024-01-31,123.0,Cabo de Nylon Danforth Orca Aero,7.0
2024-01-31,124.0,Corrente Delta Axis,3.0
2024-01-31,127.0,Cabo de Nylon Delta Velocity Core Mako,2.0
2024-01-31,128.0,Boia de Arqueamento Bruce Marlin Hydra,7.0
2024-01-31,133.0,Âncora Bruce Core Pulse,9.0
2024-01-31,141.0,Boia de Arqueamento Bruce Nexus Abyss,15.0
2024-01-31,145.0,Boia de Arqueamento Delta Nexus,2.0
2024-01-31,148.0,Âncora Delta Force Barracuda Mako,12.0
2024-01-31,150.0,Cabo de Nylon Danforth Magnum Vox,28.0
